idx;x;mean_synth_10;std_synth_10;mean_waveform;std_waveform
0;1.0;-0.9505034252251908;0.0061987079508723395;-0.7248665957581324;0.01811481734420906
1;2.0;-0.9474040712497548;0.007591835772085164;-0.7056237691717605;0.00833084517129475
2;3.0;-0.942679538151261;0.003769333184887708;-0.6960092138370566;0.004758694285350945
3;4.0;-0.9420831361584041;0.003481753840755573;-0.6875086894210722;0.009526811760745706
4;5.0;-0.9412115365113198;0.0031519551547754873;-0.6825529398682793;0.00999837262631669
5;6.0;-0.9380801481772754;0.005631849535350362;-0.6736576554494963;0.009940095843733496
6;7.0;-0.9360206180391982;0.004951785261853656;-0.6701455457088242;0.010387337322020521
7;8.0;-0.9341968129642948;0.004354102328169796;-0.6653650504523113;0.009800391268375674
8;9.0;-0.9338161352185237;0.004566287172573245;-0.6622452158815856;0.009816339169059295
9;10.0;-0.9304527513337417;0.005989729024188873;-0.658120622306394;0.008511999415738158
10;11.0;-0.9287098383055961;0.007370145178502135;-0.6521186691974579;0.00604575479444394
11;12.0;-0.9241521075800121;0.009636287040408071;-0.6497139896803834;0.006621257779280325
12;13.0;-0.9218950940196737;0.00940731861081588;-0.6477791766054768;0.006394564624757754
13;14.0;-0.9180252073100741;0.01055528591000271;-0.6462485871820742;0.007503070964504
14;15.0;-0.9161175454013991;0.011921888806237076;-0.6418742104398625;0.008843867950072979
15;16.0;-0.9141286375443581;0.012725277552123914;-0.6395175433720144;0.009328936476205741
16;17.0;-0.9121842032580989;0.010086414759142187;-0.6355446227387095;0.00835952120193272
17;18.0;-0.9115643088326308;0.010565828503680088;-0.6343571358897341;0.00816565775516633
18;19.0;-0.9100785309367682;0.010848935353334203;-0.6315071138382493;0.008044829913632826
19;20.0;-0.9081298945793129;0.011037497237859916;-0.6300534255546081;0.007277731908277238
20;21.0;-0.9005801660537834;0.017816042333504218;-0.6283147680932843;0.0074655101073134575
21;22.0;-0.8962913727335501;0.021598140092465582;-0.6275800313830298;0.00687017600373832
22;23.0;-0.8937557896998177;0.02386209563016245;-0.6265137792994766;0.006572561192505155
23;24.0;-0.8899075052607515;0.027633639265248953;-0.6257799226278719;0.007225273449929624
24;25.0;-0.8889452441345979;0.028063018592314633;-0.6218695069976423;0.007249303410271907
25;26.0;-0.8841944078586126;0.030231387067402648;-0.620962453158655;0.007706834190444877
26;27.0;-0.8795586231466656;0.03196651477895832;-0.6185909080582412;0.007437716216875973
27;28.0;-0.8755756925832271;0.03597498078501898;-0.6174034193206787;0.0070196260326357285
28;29.0;-0.8660308857716945;0.03891515938113516;-0.616528455825796;0.007145063376260136
29;30.0;-0.86361328787237;0.03843937235156769;-0.6135029701052759;0.005269909135263709
30;31.0;-0.8551461123389752;0.041938668388607485;-0.6132382173067713;0.005257012352714864
31;32.0;-0.8506582254790415;0.04172020838548011;-0.6115919993167646;0.005131989207905804
32;33.0;-0.8462855374579176;0.0442227437778298;-0.6099226035644294;0.005794879984398912
33;34.0;-0.8458287770291335;0.044271384115776774;-0.6079087234112932;0.006986690972656931
34;35.0;-0.8419167083477648;0.04533444177600658;-0.6065428800362682;0.007091583982413462
35;36.0;-0.8400529673871102;0.04386020245459789;-0.6054472659021533;0.007344879272150581
36;37.0;-0.8373212460025142;0.04140614969204921;-0.6045750650930252;0.00774353543199005
37;38.0;-0.8348535979019168;0.04255174063180337;-0.6035674148766861;0.007343627436321214
38;39.0;-0.8300472862691539;0.04333843072267062;-0.6031175371133063;0.007357675896618023
39;40.0;-0.8292731740901882;0.04352934987737397;-0.602136408818304;0.007470543642187536
40;41.0;-0.8285286099906319;0.04409537121682164;-0.6011000266298412;0.006430826656508965
41;42.0;-0.8259045288769622;0.04210821939264177;-0.5993360265375951;0.006339049079899857
42;43.0;-0.8222180825209664;0.04031990295402368;-0.5983315226736725;0.006084480376748075
43;44.0;-0.816351895446194;0.039304863281126624;-0.5975138633332799;0.006502711214667581
44;45.0;-0.8130759440668394;0.03858319701924975;-0.5962863641859681;0.005929967941169269
45;46.0;-0.8124392272912668;0.03872587796821033;-0.5949079096133361;0.005870883108481148
46;47.0;-0.8117553240242223;0.037869576288544315;-0.5934225010872611;0.004273355272452872
47;48.0;-0.8091642825268691;0.03641154634916733;-0.5926032418204376;0.0048889002727980175
48;49.0;-0.8087202282010741;0.03618965134369653;-0.5916361773434738;0.004431439653720751
49;50.0;-0.8058563285634198;0.036382669384844434;-0.5909833239716715;0.004371679779945146
50;51.0;-0.8046994679460534;0.03506144627228548;-0.5904437293169355;0.004664856838650136
51;52.0;-0.8045357946218943;0.03511699943192256;-0.5891448199543776;0.004373792026415144
52;53.0;-0.7999062447724489;0.03576624782865977;-0.5886597844634535;0.004241416533986334
53;54.0;-0.7976262137645203;0.0331356743613635;-0.5880159187995477;0.0047228245100324655
54;55.0;-0.7938223003100293;0.02725616470931681;-0.5872951189168113;0.0045445747463880495
55;56.0;-0.7933630180829515;0.026775830914824467;-0.5860455772914909;0.004213690342285209
56;57.0;-0.7930761635810943;0.026983672821832744;-0.5846736049496807;0.004190187266649695
57;58.0;-0.7921453948558509;0.02715471439414977;-0.5837449975436378;0.0040169756139268155
58;59.0;-0.791691291897773;0.026778919860546088;-0.582754654732169;0.003914561030454134
59;60.0;-0.7903095873200809;0.02454645330493246;-0.5819837795987535;0.003900529075817312
60;61.0;-0.7889735574097103;0.023224396905326263;-0.5812692296391035;0.004471260358377351
61;62.0;-0.7888748349938657;0.023276842655082116;-0.580519747729125;0.004083877677478436
62;63.0;-0.7838143170828331;0.017523318724337933;-0.5790633489000898;0.004335451918434614
63;64.0;-0.782337319979519;0.016651684519274852;-0.5781118279460727;0.004341800144983666
64;65.0;-0.779188047891536;0.019609051811202604;-0.5769603900418379;0.004455879438582212
65;66.0;-0.7771853334403833;0.02206505083624342;-0.5762569121914991;0.005171452671845734
66;67.0;-0.7736699215081597;0.024181206133359542;-0.5753195119324148;0.0050630130326962414
67;68.0;-0.7731240937076327;0.02447905617432369;-0.574158599311529;0.0047739461473655116
68;69.0;-0.7720160616507546;0.024951265944427984;-0.5735469200353019;0.0047634594198925325
69;70.0;-0.771733808218834;0.02491185885119289;-0.5726987837107779;0.0048092003205129075
70;71.0;-0.7669090207748221;0.025878724134306075;-0.5718514861809938;0.005036084562019634
71;72.0;-0.7662050160067475;0.0254173167639147;-0.571576711884403;0.0049925912834325945
72;73.0;-0.7656313070030332;0.025240063300070812;-0.5701891471209495;0.00434485387917466
73;74.0;-0.7655044042805448;0.025277308512084085;-0.5696684758378845;0.0042588355332789886
74;75.0;-0.7652270910894241;0.024841513374117573;-0.5687388817380723;0.004490441752074384
75;76.0;-0.7651530894733212;0.024818709481850717;-0.5679554424351949;0.004140656917755454
76;77.0;-0.765011300462122;0.024729014784036787;-0.5673716514094957;0.004142582758257875
77;78.0;-0.7648087381506261;0.024747498807507397;-0.567058457229608;0.004168664186093931
78;79.0;-0.7625633757803226;0.021782461386109387;-0.5666014110824763;0.004448872563406695
79;80.0;-0.7625148222381045;0.021815429299190156;-0.5652274416899499;0.003507818391612727
80;81.0;-0.7624583829369501;0.02179152843138322;-0.5648118268368816;0.0034369547807745777
81;82.0;-0.7622597499916172;0.022019448436102217;-0.5641161815734095;0.003201278542461212
82;83.0;-0.7616944604567262;0.021828112356951295;-0.5633796384455735;0.0029345232807635986
83;84.0;-0.7606999543138716;0.021060506105843917;-0.5628184215349712;0.0033201022882809903
84;85.0;-0.7602103860160214;0.021152454948623382;-0.5619198313659972;0.0035433701377943464
85;86.0;-0.7600996338237246;0.021276027835651065;-0.5611608449365397;0.0035399338170921907
86;87.0;-0.7592382455712813;0.02101881243926305;-0.5603250059279958;0.004043272971574715
87;88.0;-0.7575685414208759;0.021781175645654544;-0.5597428009926463;0.0041008692573467195
88;89.0;-0.7569355735450036;0.02247984253616049;-0.5589655697687756;0.004003540312975427
89;90.0;-0.7559552826512276;0.022341263160826463;-0.5583531309248512;0.0037600043098042547
90;91.0;-0.7542380020117426;0.023348833687893738;-0.5577131811531663;0.00355219701125358
91;92.0;-0.7524415060110927;0.024303025375275008;-0.5573072336416642;0.0035695209414374047
92;93.0;-0.7499063872328647;0.024307097222914072;-0.5566867620180318;0.0032505389897858963
93;94.0;-0.7469633584721247;0.027296822559946025;-0.5562361868466592;0.003194646338238243
94;95.0;-0.7450098979120718;0.02740789908516503;-0.5555886230679874;0.0034632266367711595
95;96.0;-0.7439052788760365;0.027279874630329843;-0.5552852346406894;0.0035079223722941423
96;97.0;-0.7432749748936482;0.02665026722823751;-0.5548649783196196;0.0035891646413684797
97;98.0;-0.7398882930410777;0.028493224273192147;-0.5541788502476961;0.003931719098777636
98;99.0;-0.7367845001993821;0.029710710615545484;-0.553328116833449;0.004155858560801106
99;100.0;-0.7351269474418763;0.029457941802884406;-0.5529833972079076;0.004284307296014289
100;101.0;-0.7341510187029467;0.03009870420859819;-0.5524627545930308;0.004319640625774845
101;102.0;-0.7334507040163163;0.03076553527932995;-0.5519132415777863;0.004290002484170469
102;103.0;-0.7331175425761545;0.030985831435112583;-0.5515823195979109;0.0043396795610591435
103;104.0;-0.7295047549100264;0.034756120190824996;-0.5509611959699635;0.004521301896974137
104;105.0;-0.7288914636677023;0.03523419893956831;-0.5497673982422783;0.005260118900204268
105;106.0;-0.7287890036213172;0.03512475515453648;-0.549375007871715;0.005270888237686822
106;107.0;-0.7283829699944347;0.035566892034255775;-0.5487116625482205;0.005146253925960235
107;108.0;-0.7266087956943875;0.03710593256508825;-0.5478684131881872;0.0049458713291352634
108;109.0;-0.7241913023047789;0.039703332358190575;-0.5470732278602013;0.004974269448690732
109;110.0;-0.7222999441900407;0.04177079897153175;-0.5459226646983446;0.004992285972498096
110;111.0;-0.7204661010930146;0.042824019928839094;-0.5451030582513878;0.005459479970315663
111;112.0;-0.7193219452635133;0.041525320878585674;-0.5444410341744159;0.005735344076415998
112;113.0;-0.7140919700242594;0.047530739789440335;-0.543986338055213;0.005569559845778587
113;114.0;-0.7140919700242594;0.047530739789440335;-0.5435760836416064;0.005739283104768389
114;115.0;-0.7089336165830359;0.05342854880809613;-0.5427319946341438;0.005477498875787512
115;116.0;-0.6741682298383772;0.10425259977524391;-0.5418773107356747;0.004476933868151887
116;117.0;-0.628070994081497;0.17835782877755438;-0.5413458284381922;0.0038446905091281676
117;118.0;-0.627899781452651;0.17825350015993374;-0.5409680749675438;0.004034674602866007
118;119.0;-0.6272747330076193;0.17787946818187148;-0.5403174820998837;0.004128544902443033
119;120.0;-0.6241280861212778;0.1781221863057221;-0.5397794849971354;0.004224501383087187
120;121.0;-0.5628341621817132;0.2270001925927462;-0.5395041935070213;0.004288635316213759
121;122.0;-0.5628341621817132;0.2270001925927462;-0.5387156800925629;0.004113972897670317
122;123.0;-0.5618364235916222;0.2261775102092696;-0.5379979296864686;0.0033247231627440152
123;124.0;-0.5606412806656911;0.2254274638844043;-0.5377281939696001;0.003545084381459224
124;125.0;-0.5592658148361561;0.22435639044507102;-0.5373433925298632;0.0037681123059335256
125;126.0;-0.5586258203755913;0.22389902768456987;-0.5369747802130125;0.003701754936985087
126;127.0;-0.5584427502543408;0.22375083514632294;-0.5362656893060371;0.0033382844910587704
127;128.0;-0.5574639957809638;0.22319348445049011;-0.5357555167870982;0.0034258080142113402
128;129.0;-0.5570954824799131;0.22298113882658102;-0.5350903985742447;0.00389569265414974
129;130.0;-0.5554288398924987;0.22220774687848346;-0.5340016015579685;0.004175741256930873
130;131.0;-0.5553786207405705;0.22226899322680865;-0.5327741008730654;0.0039131557823079395
131;132.0;-0.5538302143814805;0.22117150584934098;-0.5320362204932727;0.003920329261660796
132;133.0;-0.5506827974162936;0.22211159053542737;-0.5312598911986838;0.0039985997131631226
133;134.0;-0.5502641957310169;0.22181161668046026;-0.5307602503096778;0.004165634286087511
134;135.0;-0.5469636717015645;0.2226448514858076;-0.5304084849930311;0.004298034969697793
135;136.0;-0.5456610713879899;0.22173913823127905;-0.5294370379495941;0.004623616187252974
136;137.0;-0.5439311673342466;0.22055346596197853;-0.529026523022039;0.004632461498585373
137;138.0;-0.538658062748574;0.216941619748153;-0.5287055526991888;0.004743489192357307
138;139.0;-0.538623867377818;0.21691601737929092;-0.5279692350643144;0.004967024919002532
139;140.0;-0.5345203610478888;0.21409040472343985;-0.5274279473830291;0.004482842989224127
140;141.0;-0.5338326763588037;0.21362719000296554;-0.5271642782456104;0.004376793813834271
141;142.0;-0.5336752291246143;0.21351296972063116;-0.5263589036954526;0.004751440599602066
142;143.0;-0.5306031037649197;0.21369322597606813;-0.5259060496456724;0.0047531447502980285
143;144.0;-0.5275864875917865;0.21176013114066505;-0.5252690758450691;0.004885594725653019
144;145.0;-0.5233872142156322;0.21031633783484252;-0.5249618756522481;0.005022892659133828
145;146.0;-0.5159454585397302;0.20650430470699915;-0.5244074544320185;0.004962768372929988
146;147.0;-0.45248076475039467;0.2156548873437371;-0.5240245623205398;0.005043898827348728
147;148.0;-0.44352845615727465;0.20778656573631102;-0.523267699872347;0.005351676609856592
148;149.0;-0.43934672813261627;0.20430830011568935;-0.5227885111031355;0.005641893213122474
149;150.0;-0.4315693694481847;0.19891760656425478;-0.5221099861566405;0.005880432817937775
150;151.0;-0.4244351688812083;0.19488741456415684;-0.5215995314064187;0.0058272360388148545
151;152.0;-0.37847115201075016;0.19283920297686294;-0.5202385507441796;0.005666963125779028
152;153.0;-0.3759283013028124;0.19169561034842067;-0.5195513272483059;0.005746565755929689
153;154.0;-0.37578910040075336;0.191679908544268;-0.5188919370015957;0.005813117232328593
154;155.0;-0.375743709671662;0.1915892202103085;-0.5186323634870065;0.005783095072888121
155;156.0;-0.375587992661628;0.19166492137781346;-0.518161840337012;0.005786422968213411
156;157.0;-0.3738924209691169;0.19224825031370626;-0.5177031557428416;0.005757463241051388
157;158.0;-0.373596788807937;0.1917683460629824;-0.5171792758284844;0.005645979890160953
158;159.0;-0.3735199612954243;0.19180600662694322;-0.5159536090992096;0.004626659866481423
159;160.0;-0.3729378486956715;0.19096898094542597;-0.5156111912283574;0.004788926141985777
160;161.0;-0.37247027608765093;0.1900343821159392;-0.5148447036774252;0.004355156605987968
161;162.0;-0.369742057261784;0.19105692050383316;-0.5145763205753975;0.004441380076685268
162;163.0;-0.36894009450653076;0.19148817108959357;-0.5139165342507614;0.004032818189376294
163;164.0;-0.3688155082463753;0.19145772818073759;-0.5135037362075529;0.0041759414230129925
164;165.0;-0.3680816082098498;0.191850520043086;-0.5129164233032175;0.004164911267758673
165;166.0;-0.36762523447242534;0.19209924039213336;-0.5126672913737542;0.004310319461675667
166;167.0;-0.3656508671559247;0.19242717855137778;-0.5123158347820481;0.004367766881021222
167;168.0;-0.36417546199133755;0.19182909783423205;-0.511559921360308;0.004166433765163814
168;169.0;-0.3612969027599656;0.19286807706397766;-0.5104612263099367;0.004477649613965888
169;170.0;-0.35957773111478575;0.19218362607135853;-0.5098196149806562;0.0039869871639021505
170;171.0;-0.3578643603847581;0.19084891929365985;-0.5091464640260488;0.0037959427925663156
171;172.0;-0.35696128480611233;0.19130926555911348;-0.5084542811158081;0.003558671435586517
172;173.0;-0.35661420705672686;0.19150046018152145;-0.5081884909602615;0.003445702156871319
173;174.0;-0.35583222876837617;0.19193550665280767;-0.5079550743144218;0.003446734366991032
174;175.0;-0.35553634458538924;0.1920991090918672;-0.5073857331097583;0.003594137069658352
175;176.0;-0.35536041138305174;0.19219946214298508;-0.5066542891391725;0.003950331461206946
176;177.0;-0.35536041138305174;0.19219946214298508;-0.5061772760132772;0.004093096829609898
177;178.0;-0.35504651951131655;0.19232998514074198;-0.5058389597540951;0.0038803287916767057
178;179.0;-0.3547409442474245;0.19250457261787066;-0.505540945253368;0.004055809722698393
179;180.0;-0.3541597526120527;0.19279095542743951;-0.5054407140635266;0.004069143733058103
180;181.0;-0.35351874657556837;0.19315327082680056;-0.5049501521320894;0.004083775021528174
181;182.0;-0.3528225352737208;0.1932158441422945;-0.5044524352115553;0.004264337484116736
182;183.0;-0.35282214056208927;0.19321505650225035;-0.5038806569854158;0.004446326138057931
183;184.0;-0.3527661470102751;0.19323897920741745;-0.5024559648045344;0.004102951322170186
184;185.0;-0.35212125685799534;0.19355467079414296;-0.5020154566058449;0.004303677031212864
185;186.0;-0.3519588133660883;0.19336588577932506;-0.5016149177431501;0.004490864127987112
186;187.0;-0.35054701482683975;0.1939818893238998;-0.5012074283455894;0.004605219425547005
187;188.0;-0.35054701482683975;0.1939818893238998;-0.501001424904862;0.0045779941212447306
188;189.0;-0.35054701482683975;0.1939818893238998;-0.5003708563771013;0.004659502593837413
189;190.0;-0.3504401412910624;0.19390690363800664;-0.49995949098428144;0.00473042954333217
190;191.0;-0.34980031658160726;0.19419982469161065;-0.49909057894132847;0.004372027193235163
191;192.0;-0.3497477279166198;0.19422948150100658;-0.4986726451914897;0.004272236707512254
192;193.0;-0.34968111501904453;0.19426713990474967;-0.49809557053562037;0.004208640300347064
193;194.0;-0.34906212128233827;0.19434556825291205;-0.49764412622580634;0.004281917326415147
194;195.0;-0.34854190029687443;0.1945922628441498;-0.4971291829312824;0.004359226156888823
195;196.0;-0.34854190029687443;0.1945922628441498;-0.49670433700456584;0.004041557041140054
196;197.0;-0.3485072204082868;0.19460889508560955;-0.49572323225481807;0.004164610546195163
197;198.0;-0.3473809495394205;0.19518185825758388;-0.4955151697412264;0.004146882983889947
198;199.0;-0.34698314169290334;0.1953172812694523;-0.4950510630121814;0.0040576007901782845
199;200.0;-0.34620116340455276;0.19570536594281066;-0.49409860315646503;0.00414789070463086
200;201.0;-0.34569415963684674;0.1959650589592588;-0.4932853959369071;0.00413215901949957
201;202.0;-0.34541615130413206;0.1960730609304182;-0.4923482625768202;0.003998987205809878
202;203.0;-0.34541615130413206;0.1960730609304182;-0.4917688330276352;0.00342165529126226
203;204.0;-0.34515353246642355;0.19621982845950595;-0.4915219063810423;0.003566556003124973
204;205.0;-0.34354802894307956;0.19666257407510812;-0.4912680402955728;0.0035974968818918186
205;206.0;-0.3430583907076956;0.1969354020142526;-0.4907427088992372;0.0035667300222554416
206;207.0;-0.3419869923775284;0.19742505367556135;-0.49026875996658914;0.003814090315874862
207;208.0;-0.34080204105936285;0.19803279663900314;-0.48993818314437;0.003671319724554978
208;209.0;-0.34032881863432773;0.19825253755089317;-0.48916598144187057;0.003374935939071595
209;210.0;-0.33797613735747883;0.19942326617395673;-0.48895172317119895;0.00342270271920701
210;211.0;-0.3376148719933713;0.19956961373149745;-0.48851022281925227;0.0031705950046057385
211;212.0;-0.33692186105316724;0.19993104085115773;-0.4879597081159637;0.003424624989338236
212;213.0;-0.3357308578037441;0.1989968735463163;-0.4874240188749514;0.002993317506359007
213;214.0;-0.33571245590149157;0.19900710465980725;-0.48716138061881786;0.0028203175875046458
214;215.0;-0.3355817723860725;0.19907983562305984;-0.4869968766865669;0.002797806741326333
215;216.0;-0.33440610540493065;0.1990423015157814;-0.48654312607590117;0.002542342339387136
216;217.0;-0.33335444452975355;0.19949102078278938;-0.4861986433761558;0.002369147764077158
217;218.0;-0.33178949868538077;0.2003641226168296;-0.4856400295030731;0.0024716496231171354
218;219.0;-0.33043637309572377;0.2003913188270507;-0.4853155956132859;0.0025093310549707437
219;220.0;-0.32950599529580005;0.20091675708984794;-0.48486123142422255;0.0025204864250978035
220;221.0;-0.32840120014993396;0.2010891905369109;-0.4845057852464518;0.002284385282592285
221;222.0;-0.32795738116132483;0.20020344554481728;-0.4838973011624824;0.002382196541195462
222;223.0;-0.3276432062521909;0.2003685254772831;-0.4833521075527978;0.0020409066933900666
223;224.0;-0.3266064996028912;0.20063850424332041;-0.4827462719049027;0.0020217416353291414
224;225.0;-0.3260247781205262;0.2008825138059287;-0.4824927056623019;0.0020482461414921558
225;226.0;-0.3260247781205262;0.2008825138059287;-0.4815986928801109;0.0017980749067297934
226;227.0;-0.3257414071868667;0.20031670009758898;-0.4813652335365938;0.0020355979986049805
227;228.0;-0.3253970560833133;0.20027137657588448;-0.48106022710700336;0.0019273025852599743
228;229.0;-0.32536064716766383;0.20019867361703889;-0.4808812233535985;0.0019236933021702669
229;230.0;-0.32493721989731583;0.2003756034968057;-0.48036790900122306;0.002030977558206574
230;231.0;-0.32493721989731583;0.2003756034968057;-0.4799366223887933;0.0018560318575504432
231;232.0;-0.3238278619761593;0.19822875898183998;-0.479743661600614;0.0019646873979182527
232;233.0;-0.3229112390537135;0.19761747579524988;-0.47931879317732956;0.0018977291895876322
233;234.0;-0.32267678965122687;0.1972923367322324;-0.4788879533129947;0.002010299470401648
234;235.0;-0.32233611447037713;0.19748285628862153;-0.4784571214632874;0.001973254098101246
235;236.0;-0.32169235689737485;0.19676111409931638;-0.47803031500373505;0.0018949812521104027
236;237.0;-0.3213152779405742;0.19657921582665291;-0.47766209115917696;0.0020629327118660144
237;238.0;-0.32019232092464744;0.19711474878362578;-0.4771463148745744;0.002073245033677984
238;239.0;-0.3200896399839769;0.19690969388062382;-0.4768097491219837;0.0021863590419496487
239;240.0;-0.3188422557509424;0.19441870638930053;-0.4762542362525717;0.0026623076533432736
240;241.0;-0.3186700392521536;0.1942494003552419;-0.47567405860715956;0.002983818661848927
241;242.0;-0.3186700392521536;0.1942494003552419;-0.4752721532389515;0.003066817293871587
242;243.0;-0.3183773546622469;0.1936796271478734;-0.4743647214063511;0.003500857135203512
243;244.0;-0.31681076324483726;0.19412555769370138;-0.4736965803480551;0.0038484654160601994
244;245.0;-0.3153410622401961;0.1928217309470962;-0.4733112628201891;0.0037704346931469912
245;246.0;-0.31528266460195525;0.19285275389405657;-0.47264932773100554;0.003913033139656658
246;247.0;-0.31521605170438;0.19287877854154475;-0.47219423940558186;0.004098786538675779
247;248.0;-0.3138430132521348;0.19020863739409316;-0.47117704390184506;0.003994069696289626
248;249.0;-0.31310853784547255;0.18936999315583075;-0.4708157108312797;0.004034092423521023
249;250.0;-0.31141308931363076;0.1860077912736607;-0.4704175369050703;0.004154289623487936
250;251.0;-0.30892338447046247;0.18336621400591785;-0.4699292796415156;0.004115661555973367
251;252.0;-0.30836801298362587;0.18359778945003133;-0.46960975849511344;0.004106311974451534
252;253.0;-0.30836801298362587;0.18359778945003133;-0.46934200779354585;0.004326675860601234
253;254.0;-0.30746300225393436;0.18216402264677692;-0.469191208766537;0.004210630390901751
254;255.0;-0.30692483943081134;0.18126245752814243;-0.4689341639199622;0.004191012751615175
255;256.0;-0.30692483943081134;0.18126245752814243;-0.4683398286775208;0.004062281587864554
256;257.0;-0.30655244848157903;0.1814188095731962;-0.4677304023560553;0.0037597953284039336
257;258.0;-0.30655244848157903;0.1814188095731962;-0.4675349759323709;0.003782048005408684
258;259.0;-0.3048564646174149;0.17871424179095807;-0.4673721758495609;0.0037515461417745016
259;260.0;-0.3036618972784096;0.17883422501192692;-0.4668867785644334;0.004036505008034481
260;261.0;-0.30197324753991084;0.17883973621100957;-0.4666713381418008;0.004160204193237788
261;262.0;-0.2987297160194672;0.1735602379479996;-0.46643450459701424;0.004230952741339589
262;263.0;-0.2969229916311718;0.17042283297277738;-0.4662325827198178;0.00424955646353015
263;264.0;-0.29634311006495806;0.17022959293539186;-0.46576404707900415;0.0040549268899368485
264;265.0;-0.2938004862647944;0.16708924156937463;-0.4654684237914129;0.004150659045250947
265;266.0;-0.29230793270112876;0.1660596957187383;-0.4651495540070926;0.004247469515955972
266;267.0;-0.2905404152544935;0.16412231377868963;-0.4648553117290787;0.004475068088780597
267;268.0;-0.28867323112359805;0.1613641880691322;-0.46446891003119595;0.004717992612372422
268;269.0;-0.285331573883401;0.15528277503898014;-0.46412020953880956;0.004666339683903401
269;270.0;-0.2823539391699127;0.15016831214391935;-0.4638182123258465;0.004636622164441539
270;271.0;-0.280981321078207;0.14939053648363448;-0.4634382870590996;0.004668280979108918
271;272.0;-0.2784148729254595;0.14426080919172124;-0.4632263461778979;0.004798425594798463
272;273.0;-0.27784982317061935;0.1445650197151291;-0.46291659684921455;0.004980187436113766
273;274.0;-0.27577002794385913;0.140771532855291;-0.46241345111450993;0.004953102615636414
274;275.0;-0.27084642302315826;0.13100270008795117;-0.4619160440158888;0.004681861372006953
275;276.0;-0.22293147969236013;0.035690237974027164;-0.46142646225330425;0.004682545282299312
276;277.0;-0.22115474774054947;0.03284952907409958;-0.46114023428230116;0.00455094640773702
277;278.0;-0.22063691084197296;0.03302828157853353;-0.4607254532235249;0.004971276031571638
278;279.0;-0.21932330378822776;0.033451641642570966;-0.46041277545157866;0.0048596477690947305
279;280.0;-0.218549156412976;0.033902901607486435;-0.4598664214554657;0.004634835385592214
280;281.0;-0.21604212390247776;0.03126331785970195;-0.4594681448451957;0.004665397386802067
281;282.0;-0.21586372996115596;0.03129702719422758;-0.4588848099759774;0.00453828251128228
282;283.0;-0.21463361597228917;0.03187046453370507;-0.45819731869173064;0.004935624766047268
283;284.0;-0.21414313951922467;0.03226365990612114;-0.4574683045424905;0.005187307448523126
284;285.0;-0.21400230998589728;0.03238116664259492;-0.4569344385937317;0.005040658597368662
285;286.0;-0.21319019287041724;0.033018656400660575;-0.45651490890385327;0.005092787114873364
286;287.0;-0.21187365287290644;0.03412770731862595;-0.4559920376602822;0.0053094955277926984
287;288.0;-0.21082186791548976;0.034969844679852875;-0.45569167714690256;0.00538662718894879
288;289.0;-0.21082186791548976;0.034969844679852875;-0.4554436459355232;0.005211051442280151
289;290.0;-0.21047781355890968;0.03526505531061952;-0.4550624177119822;0.005183538768302018
290;291.0;-0.21016392168717452;0.03468225947974798;-0.4544974213818335;0.005093917069920318
291;292.0;-0.20943415974194682;0.03356445763318284;-0.4541601808736463;0.004986604954423696
292;293.0;-0.20938867448794624;0.03348048500402261;-0.45383524081866755;0.005114229156848812
293;294.0;-0.20921130410568028;0.033552187644834336;-0.4529811688547082;0.005232680439299373
294;295.0;-0.2089275847582543;0.03380593344460137;-0.4525109977286026;0.005511438527704907
295;296.0;-0.2087648463869905;0.03392850961483388;-0.4522614664983339;0.005464534696151027
296;297.0;-0.20797892374096766;0.03415887472669854;-0.45129122771047275;0.006218284095722913
297;298.0;-0.20724578404151503;0.034702852269469696;-0.4510280518957612;0.006211025293020844
298;299.0;-0.2063115535123811;0.03550995334315125;-0.45047144110774395;0.006046147223601731
299;300.0;-0.20590602573585196;0.03592333270190629;-0.4500298749739221;0.006120817409671732
300;301.0;-0.20562344934195087;0.03604881223521587;-0.44933436465690174;0.005884034606406591
301;302.0;-0.20441143336486486;0.03681651604159349;-0.4485578690561236;0.005959486734886486
302;303.0;-0.2037411974717486;0.037448203417413374;-0.44833107006921613;0.005917591820362576
303;304.0;-0.2011969092620028;0.038257417199753174;-0.4479723238543952;0.005751150690611112
304;305.0;-0.2002428731031869;0.03904840139530246;-0.44768585385688453;0.005758599815683043
305;306.0;-0.19758498058162005;0.040745198289459945;-0.4470419950977188;0.005263211676926026
306;307.0;-0.19600022056206312;0.038532583218738016;-0.4461601273431393;0.004755453228591538
307;308.0;-0.19372642647929283;0.040435416647999954;-0.44554978513474663;0.004875727158129118
308;309.0;-0.19282487091022327;0.040605477932523;-0.44544722693002;0.0048409112150834665
309;310.0;-0.19178560547026752;0.040497735473822134;-0.4447710551414847;0.0048530242328898975
310;311.0;-0.18946206296495338;0.039552796582725334;-0.44436818436919767;0.005230870873442981
311;312.0;-0.18868991400088378;0.038576127111058976;-0.44345565358259087;0.0050833372117926766
312;313.0;-0.18662218450992335;0.03955938720665484;-0.4430186304140851;0.00517133949901667
313;314.0;-0.1862711543352797;0.03956848252737848;-0.4426671335692999;0.0050224108112274495
314;315.0;-0.18280392246107596;0.04072108173891952;-0.4423644009906276;0.005113177837643888
315;316.0;-0.1805241948522244;0.04174634282206805;-0.44220613344872356;0.005118105386985108
316;317.0;-0.18003160833409032;0.0415106559433676;-0.44197623395739943;0.005154024830773746
317;318.0;-0.17865006559191743;0.043252851436726976;-0.44145436995007914;0.004997145917045491
318;319.0;-0.1771064886981209;0.044346397385603434;-0.4407645090304803;0.00463102817554528
319;320.0;-0.17560968674699332;0.04597669259708517;-0.43979477716829984;0.005163271706244054
320;321.0;-0.17542721186855675;0.04588302423613062;-0.43901208908297873;0.004839510997805891
321;322.0;-0.173285796183603;0.04736086191534845;-0.43832928300594015;0.005187984236865608
322;323.0;-0.17310800818948313;0.047266929892031906;-0.43757460111596747;0.0047849009446312785
323;324.0;-0.17150204180095532;0.04569440162012742;-0.4372013584101403;0.005005827751661411
324;325.0;-0.17026725351902042;0.04534960360463689;-0.43688899096213046;0.004904372111091772
325;326.0;-0.16935796367880457;0.04523843403097437;-0.43631134120243403;0.00484815161294138
326;327.0;-0.16881254050681152;0.045273632215595286;-0.4359523141237419;0.004604749915518708
327;328.0;-0.1682403134037097;0.04514870769463673;-0.4350490861943017;0.004916517055190227
328;329.0;-0.16752704767698307;0.045266151823079484;-0.4345976203735257;0.004582078749773333
329;330.0;-0.16747445901199548;0.0451815566245609;-0.43419781245187544;0.005042754629921651
330;331.0;-0.16675457430003623;0.04561743970007747;-0.4337054813821246;0.005062018779886439
331;332.0;-0.1650614853279538;0.04698472908931986;-0.43340272047276784;0.005051133252928063
332;333.0;-0.16236744242728773;0.04525858629930789;-0.43292546419968253;0.0051814275231461815
333;334.0;-0.1612053750734;0.04622539632957743;-0.43226510792381073;0.005388211895631335
334;335.0;-0.15918895386770165;0.047364944902830886;-0.4319952076130777;0.005459536885661452
335;336.0;-0.1587659275540067;0.04693578710947557;-0.43161287924671105;0.005614160310739077
336;337.0;-0.15783023932977333;0.04691733806093306;-0.4311592383138859;0.005449331127523095
337;338.0;-0.15671175182587824;0.047046784693390284;-0.4308443869826449;0.005555233084258601
338;339.0;-0.1548989947808766;0.04627750518770403;-0.43027326126480914;0.005396731788322443
339;340.0;-0.15452660383164427;0.04566275667344126;-0.4299368049443655;0.005413728371173177
340;341.0;-0.15452660383164427;0.04566275667344126;-0.4296553280837971;0.00538646073639037
341;342.0;-0.1533892261277076;0.043958884996916706;-0.42918143023044175;0.005399436445164901
342;343.0;-0.1530213464250239;0.04392981446029791;-0.4284627035094658;0.005264646508906677
343;344.0;-0.15192968243272387;0.042167297816458546;-0.427793105633098;0.005235531020425548
344;345.0;-0.14998705223240016;0.04080562007849084;-0.42749762556733006;0.0051377574553405705
345;346.0;-0.1492131840327359;0.04102832878965505;-0.4267674133715057;0.0053204143449874395
346;347.0;-0.14885433279801547;0.04116428966840571;-0.4262937379269628;0.005483451515823936
347;348.0;-0.14737483441438112;0.039966804970391574;-0.42609076331763596;0.005542061063776532
348;349.0;-0.1455634097602116;0.0407936295442741;-0.4254629789980828;0.005681042461986739
349;350.0;-0.14361705329445057;0.04124080952193087;-0.42488438114703875;0.005657396274175881
350;351.0;-0.1427344392574909;0.04185044405380761;-0.4245162284387122;0.0057641223750615235
351;352.0;-0.1426849727301983;0.04188655028900732;-0.42406978637923026;0.005684150693123253
352;353.0;-0.14156105503998612;0.04231187800585462;-0.4237081933852137;0.005667624079627243
353;354.0;-0.14153130048394186;0.04229367849608345;-0.4232670337936247;0.005876735836372656
354;355.0;-0.13923545400967569;0.041125460658027746;-0.4224699696611002;0.005576163605120636
355;356.0;-0.13910968344462804;0.04122375368020057;-0.42211666635086276;0.005574106126119062
356;357.0;-0.13884889494510413;0.041136421199889806;-0.42171365166377245;0.005517604030518597
357;358.0;-0.13884889494510413;0.041136421199889806;-0.42125842087542953;0.005547244834588738
358;359.0;-0.1370760527361144;0.040730473678510855;-0.4208170204948802;0.0057508416391797105
359;360.0;-0.13658532009127802;0.04062953082352247;-0.420665816365696;0.005840993549237705
360;361.0;-0.13658532009127802;0.04062953082352247;-0.4202751332533629;0.006086966697120868
361;362.0;-0.13635626966792788;0.04059045383330278;-0.4195663844261127;0.006129415559059245
362;363.0;-0.13600803293328403;0.0399334901695957;-0.419383374245066;0.0060800345823686045
363;364.0;-0.13593520177645574;0.039987331275248277;-0.41894989660785215;0.006269149455642447
364;365.0;-0.13500028701298694;0.03986975724567679;-0.4183355744778735;0.006637011576151292
365;366.0;-0.13307154274435348;0.04031950075259012;-0.4174850160654876;0.006343704388960305
366;367.0;-0.13283685291045727;0.04032517433087605;-0.41700110032243715;0.006203159047618884
367;368.0;-0.1324885313463875;0.04034366199650489;-0.41632424723609446;0.006118999204574564
368;369.0;-0.13234945964075234;0.04043132745267857;-0.41606415124486;0.0061649306463334675
369;370.0;-0.13228907381106297;0.04043553774858168;-0.4154422862537592;0.005801701040639322
370;371.0;-0.13088835018318473;0.040641580279564;-0.41480218328089535;0.005780842623227063
371;372.0;-0.1295272799737074;0.04101392173547788;-0.4144553415064567;0.005754135147123763
372;373.0;-0.12880520279205224;0.041283027800993806;-0.41388805784760174;0.005612515014447873
373;374.0;-0.1286765603757472;0.04121094403558373;-0.41349799247852853;0.005595817800980179
374;375.0;-0.12854461521459912;0.04127803799103785;-0.4133375620822206;0.005473129417682452
375;376.0;-0.12854461521459912;0.04127803799103785;-0.41292757626322346;0.005649359330194921
376;377.0;-0.1285254343288938;0.04128841499649135;-0.41245495566913437;0.005766217805972397
377;378.0;-0.12732093420315838;0.0420051523275686;-0.4116159079906452;0.006216649740135444
378;379.0;-0.12730442119131208;0.04201585320061981;-0.4111552601521099;0.006186405544478328
379;380.0;-0.12730442119131208;0.04201585320061981;-0.41057971574830754;0.006015650412414022
380;381.0;-0.12730442119131208;0.04201585320061981;-0.4101825207903385;0.006078517992411245
381;382.0;-0.12712549963924383;0.04197055253760766;-0.40963067204782744;0.006081352903850296
382;383.0;-0.12711219849865632;0.041977040259129864;-0.4090424140593205;0.0056193600255264155
383;384.0;-0.12584428689106933;0.04255903333620763;-0.40851674882931366;0.00545243585783903
384;385.0;-0.12455095562514099;0.0410474853935308;-0.4075942416240409;0.005647198199423381
385;386.0;-0.124152725395075;0.04129255172391881;-0.40687901623317213;0.005717837726312643
386;387.0;-0.124152725395075;0.04129255172391881;-0.40661973596173356;0.0054688058009075445
387;388.0;-0.123810897941066;0.041527309154539296;-0.4063465789858138;0.0055258187974912675
388;389.0;-0.12294384631721991;0.04189109455456636;-0.40575052196921246;0.0053461614319928585
389;390.0;-0.12238901776771209;0.042143421534535916;-0.40520415692539496;0.005586730909998075
390;391.0;-0.12208955079989703;0.04159459765827569;-0.40488478275790574;0.0057450340804273805
391;392.0;-0.12176459186253463;0.04178725733323683;-0.4041054621515567;0.0059187890980676615
392;393.0;-0.12163264670138654;0.04183163140401116;-0.4038323814402339;0.005859727949690793
393;394.0;-0.1208527032716777;0.04170049352548397;-0.4034368898606048;0.005569260521024572
394;395.0;-0.12062808375755585;0.04184898058999219;-0.4030472877319234;0.005542844665120643
395;396.0;-0.12043293490303993;0.04198146210557396;-0.4023067349011929;0.005691688363742832
396;397.0;-0.1200024914045091;0.0413953482758409;-0.4018408144035342;0.005942315528270933
397;398.0;-0.12000218464981402;0.04139474232097417;-0.40115808549403303;0.005931621062987639
398;399.0;-0.11770328483938483;0.04044704317618694;-0.400213135689578;0.005701325209173265
399;400.0;-0.11726052087991776;0.039570996298404416;-0.4000291783513452;0.005681792765695811
400;401.0;-0.11636909047159154;0.03921375355986901;-0.39968651173778047;0.005771090371767871
401;402.0;-0.11559882938148765;0.03832874181342256;-0.39949574092655726;0.005763376351112993
402;403.0;-0.11387612478599951;0.03886078536747776;-0.39894560976690396;0.005505141739828505
403;404.0;-0.11319988199097937;0.03754101233292088;-0.3985303097822116;0.005550878398858389
404;405.0;-0.11064390675349578;0.03909202829381731;-0.3978516613025199;0.00593908239724625
405;406.0;-0.11017908084726183;0.03854810305739472;-0.3966319145523454;0.00603804856511011
406;407.0;-0.10952716150590198;0.037290405963362847;-0.3961105233102505;0.006100613889055101
407;408.0;-0.1091303609882057;0.036669495049699366;-0.39553814091839506;0.005959619284003365
408;409.0;-0.10738611686310215;0.03793909631293307;-0.3949492753112947;0.006042283935459765
409;410.0;-0.10718798375318798;0.03811594088174192;-0.3944097012363392;0.006010274611485479
410;411.0;-0.10705956424192697;0.038156388214677726;-0.3938824050131859;0.006132809589315757
411;412.0;-0.10579884051947235;0.03911691315689576;-0.3933084316039682;0.006229805412720333
412;413.0;-0.10558152652385284;0.039280153446396925;-0.3927223300357186;0.006248818163024813
413;414.0;-0.10458006748948087;0.039117624351199975;-0.39227335193520874;0.006174615352696655
414;415.0;-0.10454804318335202;0.03905719680121737;-0.3921570350083603;0.006161995914333815
415;416.0;-0.10257371969170981;0.03535641976697436;-0.39190043016080633;0.006120030105460473
416;417.0;-0.10136512743020135;0.035899731852490624;-0.391675744302148;0.006215114987350802
417;418.0;-0.10057790151892956;0.035018105939430916;-0.39093622202391076;0.0061958585357984675
418;419.0;-0.10035208294919187;0.034907903428408334;-0.3906434367360629;0.006296514187728751
419;420.0;-0.0974284994497157;0.031619190777536554;-0.3902496602930808;0.006387122674622269
420;421.0;-0.09731418675786341;0.03160999687111537;-0.39012355319588476;0.006477413536945525
421;422.0;-0.09596341057218996;0.029129219545356917;-0.389751290456885;0.00604018451564136
422;423.0;-0.09575582512643532;0.029296412338559175;-0.389535496305704;0.006023872933501821
423;424.0;-0.09433759075817635;0.02740037563265292;-0.38911881886153427;0.0059180430702100405
424;425.0;-0.09369714378527956;0.027044631368942463;-0.3888629215346212;0.005789820863266573
425;426.0;-0.09315657639207679;0.0274998464012806;-0.38839302404408577;0.005937621914516601
426;427.0;-0.08969515240135632;0.024822312943421625;-0.3879657024496428;0.005651766214446654
427;428.0;-0.08937834517678153;0.024256573189304256;-0.3871120788690752;0.005573674875961976
428;429.0;-0.08854047411730373;0.024561721258618056;-0.38668961694609705;0.0055224659834882455
429;430.0;-0.0870787750916184;0.02522554268928445;-0.386022129384966;0.005642865766693325
430;431.0;-0.0870787750916184;0.02522554268928445;-0.3854453053266904;0.0055778114422963725
431;432.0;-0.08632901109854359;0.025164537112887856;-0.38520187412599166;0.005675787924195917
432;433.0;-0.08609432126464737;0.02473401459544432;-0.3845587976243619;0.005582056336470767
433;434.0;-0.08609432126464737;0.02473401459544432;-0.38446754905229164;0.005585366623418254
434;435.0;-0.08574599970057759;0.02409771758937848;-0.38385380442003936;0.005857093269036261
435;436.0;-0.08516673148755623;0.02383665655978868;-0.3833737278851989;0.006052582166313085
436;437.0;-0.08023698289096907;0.019589959005989834;-0.3825425826905732;0.005850017115792038
437;438.0;-0.07972407076885366;0.01986993955729405;-0.38221231317564064;0.005963694391100145
438;439.0;-0.07724742224938093;0.01760223532906045;-0.38133624040676795;0.006110895574924409
439;440.0;-0.07684058139408909;0.017770824212277422;-0.3803461696908773;0.006295625381656996
440;441.0;-0.07684058139408909;0.017770824212277422;-0.3800059661648161;0.00653680765502296
441;442.0;-0.07684058139408909;0.017770824212277422;-0.3793050365938261;0.006341821550299578
442;443.0;-0.07663299594833446;0.01782221354756173;-0.37864102307158304;0.006474004030781624
443;444.0;-0.07663299594833446;0.01782221354756173;-0.3777302263139546;0.006679763780824744
444;445.0;-0.07608877285301338;0.01800175624377808;-0.3770882541474432;0.00634525281372491
445;446.0;-0.07549482290078127;0.018277476537552934;-0.3765006521865092;0.006582595124540094
446;447.0;-0.07549482290078127;0.018277476537552934;-0.37568745860566244;0.0066201086231170965
447;448.0;-0.0752861151554036;0.01838134438020414;-0.37512497100457276;0.006877673807897085
448;449.0;-0.0752861151554036;0.01838134438020414;-0.3745183264260651;0.007047634381799487
449;450.0;-0.0752861151554036;0.01838134438020414;-0.374089491935314;0.00711124988234599
450;451.0;-0.07476620068875213;0.017342208066949603;-0.37324429172322626;0.007160394381024405
451;452.0;-0.07476620068875213;0.017342208066949603;-0.3723783740168781;0.0073723827894224495
452;453.0;-0.07434072622312979;0.016830907664525174;-0.3715785976271276;0.007812938366566928
453;454.0;-0.07434072622312979;0.016830907664525174;-0.37078612728282856;0.008048245970899204
454;455.0;-0.07434072622312979;0.016830907664525174;-0.3701423748413229;0.008038196373859564
455;456.0;-0.07434072622312979;0.016830907664525174;-0.36956689155543965;0.00814163454275964
456;457.0;-0.07434072622312979;0.016830907664525174;-0.3691649378464157;0.008052336514234489
457;458.0;-0.07413201847775212;0.01692942372390613;-0.36892401802444946;0.007999532825752897
458;459.0;-0.07400007331660403;0.016665716995321433;-0.36829222297119235;0.008236541479671844
459;460.0;-0.07400007331660403;0.016665716995321433;-0.3671127335474893;0.008330318098894915
460;461.0;-0.07400007331660403;0.016665716995321433;-0.3667242543661299;0.008406633688088739
461;462.0;-0.07400007331660403;0.016665716995321433;-0.3663194103380059;0.00832269267842076
462;463.0;-0.07390715344466699;0.016716422462294236;-0.36579383713835867;0.008217012336209719
463;464.0;-0.07390715344466699;0.016716422462294236;-0.36495474778206394;0.008587068428481984
464;465.0;-0.07386043928893585;0.016742635124466537;-0.36430772570842473;0.008858735490436833
465;466.0;-0.07372665529770292;0.016809473696388615;-0.3641306717541555;0.00869268832508824
466;467.0;-0.07372665529770292;0.016809473696388615;-0.36381697304109073;0.008860432335739408
467;468.0;-0.07363373542576587;0.01685823985428868;-0.36258912631213647;0.009072130027349655
468;469.0;-0.07349466372013072;0.016580450946076037;-0.36194930640072015;0.009016371545751032
469;470.0;-0.07343744180505477;0.016611468456470928;-0.36156696316274606;0.009058815320290875
470;471.0;-0.07343744180505477;0.016611468456470928;-0.36116443117374286;0.009121373901119043
471;472.0;-0.07322873405967709;0.016699993239024068;-0.3606728788545873;0.008645203555548063
472;473.0;-0.07315590290284882;0.016554401881404102;-0.3599373397139478;0.00868192374930442
473;474.0;-0.07315590290284882;0.016554401881404102;-0.35943057332563366;0.008724551803531185
474;475.0;-0.07315590290284882;0.016554401881404102;-0.3584421141398806;0.008928289503735788
475;476.0;-0.07301141938473565;0.016628155235384398;-0.35786324211048764;0.009126139398035396
476;477.0;-0.07294552434329918;0.016613655808263933;-0.3573363252811591;0.008982463007713956
477;478.0;-0.07280123259272145;0.016678998174102865;-0.35643833747956666;0.009247044417466491
478;479.0;-0.07280123259272145;0.016678998174102865;-0.3562216343879226;0.009376513373659114
479;480.0;-0.07280123259272145;0.016678998174102865;-0.3549609950961773;0.009186240393203421
480;481.0;-0.07280123259272145;0.016678998174102865;-0.3542525540542098;0.009418259716394478
481;482.0;-0.07279072483337663;0.01668431619664259;-0.35354714213832195;0.00923130511608702
482;483.0;-0.07232827537846834;0.016949582415829896;-0.3530581281015354;0.008963074952131113
483;484.0;-0.07214323057647846;0.017068615501062336;-0.3523594048241058;0.008866363242408994
484;485.0;-0.07214323057647846;0.017068615501062336;-0.3521047778612975;0.008985936161860686
485;486.0;-0.07092221743889675;0.014637264750001313;-0.3517726186174085;0.009027227487412212
486;487.0;-0.07092221743889675;0.014637264750001313;-0.3515035032472477;0.009064318262291645
487;488.0;-0.07077515731781517;0.014727326044403941;-0.35112167649368836;0.009100752707066789
488;489.0;-0.07077225684907637;0.014729379380541602;-0.3502872772210656;0.009237619494687778
489;490.0;-0.07077225684907637;0.014729379380541602;-0.349674499825188;0.00929653738697266
490;491.0;-0.07077225684907637;0.014729379380541602;-0.3490074080233987;0.009352111269720466
491;492.0;-0.07072069320290027;0.01475228554739928;-0.3484813115792538;0.009569108905700044
492;493.0;-0.07072069320290027;0.01475228554739928;-0.34734500552113745;0.009181393005256262
493;494.0;-0.07072069320290027;0.01475228554739928;-0.34692935009198883;0.009098509329650445
494;495.0;-0.07072069320290027;0.01475228554739928;-0.3453385572761937;0.00875566997441215
495;496.0;-0.07058105917523208;0.014808234557428433;-0.34454770586897693;0.009084415377904323
496;497.0;-0.07017596699575604;0.014002392191665042;-0.3439500211063894;0.00943455825178422
497;498.0;-0.07017596699575604;0.014002392191665042;-0.3432788554009719;0.009446970140644372
498;499.0;-0.07017596699575604;0.014002392191665042;-0.3428165090070351;0.009578110806185472
499;500.0;-0.06920351380149548;0.013695111201824092;-0.34233761704955123;0.009652112891253836
500;501.0;-0.06801384099727711;0.012917737373979341;-0.34182228727893704;0.009763547658480753
501;502.0;-0.06801384099727711;0.012917737373979341;-0.34127660290167505;0.009750586998318605
502;503.0;-0.06758356486929454;0.012086677325509734;-0.3407226206322167;0.009725192255458502
503;504.0;-0.06550625215490805;0.007976303675970756;-0.34013187617638313;0.00967560295833652
504;505.0;-0.06515373899564951;0.007788909888545014;-0.33946431325184606;0.009661867848601253
505;506.0;-0.06515373899564951;0.007788909888545014;-0.3387627773338238;0.009996398412378768
506;507.0;-0.06377596401182413;0.005276974880207613;-0.3382217306870402;0.010166595768980857
507;508.0;-0.06357783090190997;0.004900525862421703;-0.33730097918340574;0.009561298055406542
508;509.0;-0.06357783090190997;0.004900525862421703;-0.3366796203713075;0.009863305072046311
509;510.0;-0.06350858725570079;0.004906456490767909;-0.33600041061004654;0.009922193608067207
510;511.0;-0.06335343308962893;0.0050274952592626685;-0.33546273336687193;0.01011403332129213
511;512.0;-0.06314584764387429;0.0046373850117987425;-0.33512221891477206;0.010199877896029646
512;513.0;-0.06314584764387429;0.0046373850117987425;-0.3336973864032216;0.010919275027267632
513;514.0;-0.06214145858755402;0.002851635355519141;-0.33318781553330223;0.010626216407770004
514;515.0;-0.06214145858755402;0.002851635355519141;-0.3320853343764231;0.010688203561945202
515;516.0;-0.06214145858755402;0.002851635355519141;-0.33160217207369075;0.010978873907650347
516;517.0;-0.06149396433065586;0.00270414032655537;-0.33083203429104807;0.0112630958877267
517;518.0;-0.06149396433065586;0.00270414032655537;-0.3299342882683163;0.010467014155957412
518;519.0;-0.06148148841323264;0.002714963595242623;-0.32924646916613876;0.01005786673078034
519;520.0;-0.06148148841323264;0.002714963595242623;-0.327745923423804;0.010611014537007536
520;521.0;-0.061383119679225294;0.0028066168269177327;-0.3271382741046892;0.010384789175669836
521;522.0;-0.061383119679225294;0.0028066168269177327;-0.32643275445705217;0.01074439663404145
522;523.0;-0.061383119679225294;0.0028066168269177327;-0.32587423385359954;0.01109479227316864
523;524.0;-0.061383119679225294;0.0028066168269177327;-0.32463453587697366;0.010888197564155164
524;525.0;-0.061383119679225294;0.0028066168269177327;-0.3234765432328056;0.010813035804291252
525;526.0;-0.06128472273558103;0.002832724819459944;-0.3225132123747077;0.011057644999813376
526;527.0;-0.061223259828643004;0.0028558009373929245;-0.32159937146770423;0.010595460422664297
527;528.0;-0.061050425662538085;0.0029473219781944193;-0.32106998738923564;0.010708507777595605
528;529.0;-0.061050425662538085;0.0029473219781944193;-0.32029972044497734;0.010907893653997133
529;530.0;-0.061050425662538085;0.0029473219781944193;-0.3195300341525894;0.011109932010898747
530;531.0;-0.061050425662538085;0.0029473219781944193;-0.3189690598391377;0.011386365972131237
531;532.0;-0.06098787394136469;0.0030011921816910326;-0.3186091420385519;0.011420070802727651
532;533.0;-0.06098787394136469;0.0030011921816910326;-0.3180752766053957;0.011634621327703924
533;534.0;-0.06092641103442666;0.003016941037383089;-0.31739900822899625;0.011350163575646596
534;535.0;-0.06091393511700345;0.003024305564046374;-0.31683789952011765;0.011383478409602051
535;536.0;-0.06089625511697039;0.0030296606046777692;-0.31629399683601866;0.011238064321295059
536;537.0;-0.06069375862152635;0.0031321852280264645;-0.3158838054550118;0.011031992344872394
537;538.0;-0.060595389887519;0.0031877388581268962;-0.31538792244200187;0.011191870541854155
538;539.0;-0.06038668214214134;0.002783899697774583;-0.3152419400507802;0.01123308453893766
539;540.0;-0.06038668214214134;0.002783899697774583;-0.3145807230085317;0.011585442307351007
540;541.0;-0.06038668214214134;0.002783899697774583;-0.31401768649407613;0.011685384034932236
541;542.0;-0.06038668214214134;0.002783899697774583;-0.3137040544044398;0.01179270474089293
542;543.0;-0.06038668214214134;0.002783899697774583;-0.31294133664534274;0.01182889281700189
543;544.0;-0.06038668214214134;0.002783899697774583;-0.3122051413362554;0.01167453296983097
544;545.0;-0.06021732351955587;0.0025589616577050734;-0.3116535984993273;0.01188320323481989
545;546.0;-0.06021732351955587;0.0025589616577050734;-0.31091610538547804;0.012222724019035923
546;547.0;-0.06021732351955587;0.0025589616577050734;-0.3104836494169857;0.012434384830133477
547;548.0;-0.06021732351955587;0.0025589616577050734;-0.3100372238684819;0.012478570042412663
548;549.0;-0.06015477179838247;0.0026008668724074755;-0.3094152231280901;0.01291299589192275
549;550.0;-0.06015477179838247;0.0026008668724074755;-0.30851190969828757;0.013030307184623858
550;551.0;-0.06015477179838247;0.0026008668724074755;-0.30743649605332946;0.01342785793398368
551;552.0;-0.06015477179838247;0.0026008668724074755;-0.30676003027112103;0.013604272120968638
552;553.0;-0.060093308891444444;0.0025993994384513972;-0.3062122416388625;0.013784413128407917
553;554.0;-0.060051935793356194;0.0026242651510418476;-0.3052385799212859;0.014237953596951685
554;555.0;-0.059780732893243926;0.002683990867522129;-0.3043503403656856;0.014112475904426085
555;556.0;-0.059780732893243926;0.002683990867522129;-0.30403102778623814;0.014194886065324397
556;557.0;-0.059780732893243926;0.002683990867522129;-0.3032836778270932;0.01360580424618298
557;558.0;-0.05966936787259973;0.002512326598427721;-0.3012892429284313;0.013774302110880482
558;559.0;-0.05966936787259973;0.002512326598427721;-0.30043548832370526;0.01383087038115203
559;560.0;-0.05962265371686859;0.002420459387251159;-0.30006005424792137;0.0138268052864737
560;561.0;-0.0595091494349409;0.002510822063038866;-0.299702351373801;0.013835710935116863
561;562.0;-0.0595091494349409;0.002510822063038866;-0.29905268524534023;0.014060736028175504
562;563.0;-0.0595091494349409;0.002510822063038866;-0.2982086251225532;0.014493487129626682
563;564.0;-0.0595091494349409;0.002510822063038866;-0.2972197726728482;0.014732611817626438
564;565.0;-0.0594465977137675;0.0025361104350675612;-0.2964687971963058;0.014913961079204101
565;566.0;-0.0594465977137675;0.0025361104350675612;-0.2962155058510424;0.014958391561975206
566;567.0;-0.0594465977137675;0.0025361104350675612;-0.2949998373166373;0.015039135478931192
567;568.0;-0.05941102308241495;0.0025564128526149098;-0.2943011220435484;0.015379280778497853
568;569.0;-0.058918129693121976;0.0030762048933200025;-0.2937039903197206;0.015660987009320004
569;570.0;-0.058772223351720186;0.003240779502213109;-0.29272368004561466;0.015913405084636185
570;571.0;-0.058772223351720186;0.003240779502213109;-0.29190527138689726;0.015806848472869388
571;572.0;-0.058772223351720186;0.003240779502213109;-0.2914074662720972;0.01574414839827005
572;573.0;-0.058772223351720186;0.003240779502213109;-0.29103654950114377;0.015321645386543395
573;574.0;-0.058688343638183184;0.0033602228601734225;-0.2903525196905161;0.015438168045857077
574;575.0;-0.058688343638183184;0.0033602228601734225;-0.2896670568634123;0.015360912431016768
575;576.0;-0.0585610777235108;0.0033567358529697144;-0.28934960760959433;0.015423339698267908
576;577.0;-0.058516746981560286;0.003419915679874029;-0.28815282520735314;0.015756282139809008
577;578.0;-0.05831141093303105;0.003563479941812704;-0.2878660565765291;0.015679864012215227
578;579.0;-0.05831141093303105;0.003563479941812704;-0.287298120678654;0.015244513474479693
579;580.0;-0.0582929657843239;0.0035644709265352016;-0.28696193403712356;0.015415623507209285
580;581.0;-0.0582929657843239;0.0035644709265352016;-0.28650549022761196;0.015069511587856
581;582.0;-0.05817946150239621;0.0035845789466940766;-0.2856580252105787;0.015104109394498572
582;583.0;-0.05817946150239621;0.0035845789466940766;-0.2852400301264566;0.015248985247697692
583;584.0;-0.05817946150239621;0.0035845789466940766;-0.28404880764800766;0.015505599540849999
584;585.0;-0.05817946150239621;0.0035845789466940766;-0.2835389065981905;0.01539788877610011
585;586.0;-0.05753196724549805;0.002626597839975647;-0.2830767496674725;0.015429540547076652
586;587.0;-0.05753196724549805;0.002626597839975647;-0.2827169249836934;0.015375032489726896
587;588.0;-0.05753196724549805;0.002626597839975647;-0.28210641826753097;0.015383079719524587
588;589.0;-0.057403643888218794;0.002562707835266081;-0.28119924045126427;0.01519113594319489
589;590.0;-0.057403643888218794;0.002562707835266081;-0.28000433288856297;0.01586079640034036
590;591.0;-0.056723584897010994;0.0028597236931053273;-0.27930295306304276;0.015563316323446727
591;592.0;-0.056723584897010994;0.0028597236931053273;-0.27843926654147344;0.015757126942974518
592;593.0;-0.056723584897010994;0.0028597236931053273;-0.27798189362725373;0.0153610865129347
593;594.0;-0.05651367379444847;0.0032038581105175244;-0.27635280020941466;0.01607091597097584
594;595.0;-0.05651367379444847;0.0032038581105175244;-0.2757452479620321;0.015501692262211004
595;596.0;-0.05637827521239149;0.003281825926534581;-0.2751135060398549;0.015540758652881003
596;597.0;-0.05637827521239149;0.003281825926534581;-0.2749084524036878;0.015554511404079239
597;598.0;-0.05637827521239149;0.003281825926534581;-0.2736488248101237;0.01585590501331578
598;599.0;-0.0562647709304638;0.003237203035659092;-0.27265820140437225;0.01623789226681549
599;600.0;-0.0562647709304638;0.003237203035659092;-0.27205858437403785;0.016333686999760382
600;601.0;-0.0562647709304638;0.003237203035659092;-0.2713586839401233;0.01648443709988037
601;602.0;-0.0562647709304638;0.003237203035659092;-0.2699763084091645;0.015266369434342637
602;603.0;-0.05526030400965472;0.003934601876105147;-0.2683940318200896;0.015646085261990454
603;604.0;-0.05523140682898968;0.003912630723495247;-0.26711759755566666;0.01541593249176966
604;605.0;-0.05501485853597889;0.003988823563863978;-0.26631581555614253;0.015396224352643737
605;606.0;-0.05501485853597889;0.003988823563863978;-0.26567831442162637;0.015585568563265486
606;607.0;-0.05484953354028692;0.0040170572563347036;-0.2650243959150978;0.01572968805863223
607;608.0;-0.05474801837347483;0.0040765591478303075;-0.26364384412574016;0.015062987184570017
608;609.0;-0.05426823556651681;0.0038876821378265865;-0.2630192832621784;0.014946903872596801
609;610.0;-0.05426823556651681;0.0038876821378265865;-0.26264531523992646;0.014888274457878102
610;611.0;-0.05426823556651681;0.0038876821378265865;-0.2612482658807283;0.015595261479374128
611;612.0;-0.05426823556651681;0.0038876821378265865;-0.260471921948048;0.01487086358104291
612;613.0;-0.053741751621890856;0.0046745695624785645;-0.26017372762319046;0.015003859740178867
613;614.0;-0.053741751621890856;0.0046745695624785645;-0.25956832456120377;0.015236028113941234
614;615.0;-0.05351375694468472;0.004822182802472278;-0.2580230337364687;0.015611910848173286
615;616.0;-0.053019599028647876;0.004971956335193552;-0.2574581643086094;0.015760741269958148
616;617.0;-0.05301810550813293;0.004973978265268206;-0.25642121336745216;0.0157130796041326
617;618.0;-0.05249162156350697;0.005491961504250445;-0.2552516721045216;0.015126971388694038
618;619.0;-0.05234819086794429;0.005381910723064883;-0.2543087100725053;0.015044318730364386
619;620.0;-0.05234819086794429;0.005381910723064883;-0.2518836210686179;0.01645091416626824
620;621.0;-0.05234819086794429;0.005381910723064883;-0.25049806622022625;0.016454314450259917
621;622.0;-0.052113872830827426;0.00550045293170077;-0.24938162023646765;0.017091479644702118
622;623.0;-0.05159756477198636;0.0054862896306142024;-0.24891428796193976;0.017040565867541487
623;624.0;-0.05159756477198636;0.0054862896306142024;-0.24791691404386845;0.01724931796971844
624;625.0;-0.05106537721054338;0.0053308359600864825;-0.2469111744558666;0.017012914815647547
625;626.0;-0.050852467200588246;0.005556666060444729;-0.24622600547506118;0.01706142023686128
626;627.0;-0.050852467200588246;0.005556666060444729;-0.24488592413692242;0.017290767452870646
627;628.0;-0.050852467200588246;0.005556666060444729;-0.24422373447616225;0.017243208418012423
628;629.0;-0.050481474411226746;0.00591107442701908;-0.24341895174709544;0.017385018915505066
629;630.0;-0.05032638435364669;0.006109693528330792;-0.24248506422521726;0.017014387420335248
630;631.0;-0.05015526124983873;0.006060205272641056;-0.24170537940871323;0.016109796904266515
631;632.0;-0.04929316983504608;0.007061933798596019;-0.24093784173979702;0.016438760394929405
632;633.0;-0.04845458889729961;0.007225232287855505;-0.24043834955684257;0.016721907402374555
633;634.0;-0.0484487676306236;0.007221691976137994;-0.23935148619762048;0.01712167775362052
634;635.0;-0.04774580381337488;0.007929963789245926;-0.23709397685321126;0.01598803166173448
635;636.0;-0.04753362875517868;0.007881297118279569;-0.23659219419434727;0.016115495184584418
636;637.0;-0.047471077034005285;0.007793862592597085;-0.23581360670453383;0.01655231153801374
637;638.0;-0.04731161529690089;0.007978662291257075;-0.23431497513581778;0.017086961783869183
638;639.0;-0.04662566961517054;0.00810971491802799;-0.23314415544813466;0.017386480643820004
639;640.0;-0.04662566961517054;0.00810971491802799;-0.23192883655861646;0.017635661242876254
640;641.0;-0.04642020234734863;0.008339136742405133;-0.23082961136407493;0.01816699683569087
641;642.0;-0.045923969083405104;0.00882170489408923;-0.22941693427546675;0.01784542834883989
642;643.0;-0.04582245391659301;0.008745964920694608;-0.22774405137755777;0.018308271494161123
643;644.0;-0.04572181139203786;0.008858585061851502;-0.22732307371731292;0.01851714278717932
644;645.0;-0.04572181139203786;0.008858585061851502;-0.22630179235503473;0.018810419848129555
645;646.0;-0.04552672510322311;0.009008790851282788;-0.22587285125953196;0.01892361504807645
646;647.0;-0.045508279954515965;0.008982969744464232;-0.2254227102063707;0.01908902579389338
647;648.0;-0.04540763742996081;0.009089176740091034;-0.2241410957114077;0.01890492587206612
648;649.0;-0.04487162758942069;0.009223378476359165;-0.2233990504350941;0.018579434360634615
649;650.0;-0.044722891931512354;0.009375298279769457;-0.22248367926544366;0.018884182462819435
650;651.0;-0.04466923279708588;0.009387618494118153;-0.22218278829522994;0.018859073365196842
651;652.0;-0.04446320556348708;0.009374281794704434;-0.22089610420144346;0.018818352197747173
652;653.0;-0.04401249443750623;0.00986700568654579;-0.22043332855824613;0.018692440954035598
653;654.0;-0.04401249443750623;0.00986700568654579;-0.2196376400211721;0.01896902537890341
654;655.0;-0.043745813349305475;0.009863963300006428;-0.21828061138296753;0.0191043939716795
655;656.0;-0.04349393461023956;0.010082716848117403;-0.21713728801762572;0.019227322825789032
656;657.0;-0.041483976406681514;0.011996121317425315;-0.21612285256251051;0.019739093011403412
657;658.0;-0.04056309343623492;0.01185447164860768;-0.214998280893666;0.02021306135279789
658;659.0;-0.04056309343623492;0.01185447164860768;-0.21400955923886764;0.02049193664473652
659;660.0;-0.04020300153737082;0.011934811908300638;-0.21335761703383865;0.020110644042173557
660;661.0;-0.03951040900730487;0.011078942155199252;-0.21218838054379624;0.020963479585119092
661;662.0;-0.03912226131472831;0.01134611137353101;-0.2110010613890342;0.020977875761294774
662;663.0;-0.03912226131472831;0.01134611137353101;-0.2103014768914666;0.020367996765567945
663;664.0;-0.0379615157885189;0.011688425184350868;-0.20955716430276766;0.02062571399016456
664;665.0;-0.03772672959427663;0.01189948928158352;-0.20860013260221583;0.020834543892363458
665;666.0;-0.037591331012219655;0.011705386305906057;-0.20747642570456554;0.02147817761867951
666;667.0;-0.03739047046265289;0.011707099640327515;-0.20694123646221657;0.021581943536946386
667;668.0;-0.03717891644374303;0.011654771388410165;-0.2054623803902902;0.02180857696419899
668;669.0;-0.03668832335129639;0.012190865388378373;-0.20502994544859235;0.022019480976378753
669;670.0;-0.0364822961176976;0.012044849841469283;-0.20420724469572718;0.02146004499390254
670;671.0;-0.0361200276138459;0.011577966842327144;-0.20292860903203755;0.021732136330273277
671;672.0;-0.03487685960948657;0.012930097372843369;-0.20216248575663828;0.021881911776640214
672;673.0;-0.03487685960948657;0.012930097372843369;-0.200952674417391;0.021845976395008362
673;674.0;-0.03439403930810499;0.013321859843995679;-0.20000084826866807;0.022068263036418095
674;675.0;-0.034222481427646834;0.013198694962726125;-0.19932311311397094;0.022038580761395605
675;676.0;-0.034222481427646834;0.013198694962726125;-0.1970874054091421;0.02195197688453922
676;677.0;-0.034021564208609266;0.013191394794039623;-0.19605953854746416;0.02226248165439514
677;678.0;-0.033111249142968216;0.013573156950421496;-0.19535073543891163;0.02274076379949461
678;679.0;-0.03243269569918188;0.014149575213094715;-0.19444590331933717;0.022341021336654283
679;680.0;-0.031494632428742064;0.013454887526771585;-0.19326446104593903;0.022506864589838246
680;681.0;-0.031494632428742064;0.013454887526771585;-0.19278250336604524;0.022417602175143016
681;682.0;-0.031249667918431024;0.013402667939175559;-0.1920623969020621;0.022369612545286955
682;683.0;-0.030735810062279455;0.013949983376205509;-0.19054288847453266;0.021351969598874993
683;684.0;-0.030576348325175064;0.013862882981458767;-0.18891131243962994;0.020480253050885938
684;685.0;-0.030576348325175064;0.013862882981458767;-0.18799693895935743;0.021021862779616474
685;686.0;-0.029833150724485467;0.014167075396413998;-0.1866864442638762;0.021200128061239613
686;687.0;-0.029187234373413327;0.013459840072620731;-0.1846046072282359;0.021126843345034254
687;688.0;-0.028559688947950978;0.014155263243955081;-0.18321972323389438;0.021943240312196015
688;689.0;-0.02831031076548749;0.014029347921991536;-0.18282607746278262;0.022021531031838924
689;690.0;-0.02752334126678997;0.013869414041588642;-0.18130134487003918;0.022591580830743845
690;691.0;-0.026592937562377062;0.014236390519015048;-0.18093231577807134;0.022655169401558522
691;692.0;-0.02538928993160603;0.015777631917085658;-0.17889824676035532;0.02300131768550586
692;693.0;-0.025169055047768053;0.015954267587706652;-0.1772737057229658;0.023099508565149387
693;694.0;-0.02462135249211834;0.01631546510802515;-0.17476036326407476;0.024025435728915967
694;695.0;-0.023944618381718064;0.015692052623303348;-0.1737790524695303;0.024287747239721366
695;696.0;-0.02381776775575848;0.015794646816044124;-0.17334305821181897;0.024399279588404522
696;697.0;-0.023587588279771365;0.015745284943391197;-0.17248241135525197;0.02435513260737233
697;698.0;-0.023587588279771365;0.015745284943391197;-0.1705206207021041;0.02584411046032206
698;699.0;-0.02339953109947306;0.015716676339085637;-0.1697252659886021;0.02615081484773573
699;700.0;-0.02271404274945834;0.016245936336713104;-0.16855538700119535;0.02672635097865764
700;701.0;-0.021217948082648697;0.015708680296095772;-0.1675129682111482;0.027103533894660182
701;702.0;-0.02079351946529249;0.015349274145343601;-0.16619761893902288;0.028004792681393935
702;703.0;-0.020484547863809266;0.01512894536422416;-0.16556142034454957;0.02815284936835259
703;704.0;-0.01973078756317781;0.015349391738666724;-0.16530007307788297;0.028189646933988774
704;705.0;-0.019440984348028878;0.015631803239203997;-0.16457077360876288;0.028486459661766637
705;706.0;-0.018988287352192733;0.015408246051067121;-0.1636961444278232;0.02853719157542988
706;707.0;-0.018295550587057074;0.015196924791841083;-0.16211350430306845;0.028182217293128337
707;708.0;-0.017010511522442505;0.014303206788287238;-0.16156592004136003;0.0283526544904775
708;709.0;-0.016691971610674483;0.013908326878689784;-0.161225956157733;0.028536648641766575
709;710.0;-0.01652343097684803;0.013657067957046017;-0.16042980494733486;0.028619516089414928
710;711.0;-0.016287737596393414;0.013335273246107372;-0.1600107437771835;0.028603632267514213
711;712.0;-0.015494601987316692;0.01291567186029868;-0.15930502918534442;0.02871791029555266
712;713.0;-0.015190566061251954;0.012882603772329276;-0.15781160452863854;0.02953702755791774
713;714.0;-0.015190566061251954;0.012882603772329276;-0.1561672432086757;0.029192678386119886
714;715.0;-0.014581659638476085;0.012666042640454157;-0.15562605922418907;0.029259119730145566
715;716.0;-0.014194559148048725;0.012330722467307252;-0.1542847483155358;0.02966485936521089
716;717.0;-0.013650475179264454;0.012216396543133471;-0.152934732077654;0.03015790204624551
717;718.0;-0.012998200127329041;0.01176201871847838;-0.1519281950977224;0.03008813105405334
718;719.0;-0.012777965243491063;0.011768269593937805;-0.15121967535163247;0.030140778170293085
719;720.0;-0.012777965243491063;0.011768269593937805;-0.1502002674557555;0.030799426412964858
720;721.0;-0.012777965243491063;0.011768269593937805;-0.14973310378945529;0.030872279629780085
721;722.0;-0.012777965243491063;0.011768269593937805;-0.1490997169866683;0.03093124577282484
722;723.0;-0.01237065470186669;0.011714544732571028;-0.14809442818970875;0.030606253408604334
723;724.0;-0.011809016666516792;0.01173318900014507;-0.14674273338384353;0.030586250960827725
724;725.0;-0.011388100381673927;0.011462904958287216;-0.14305025958341427;0.02961799767569699
725;726.0;-0.011388100381673927;0.011462904958287216;-0.14090701904610636;0.028772545360406174
726;727.0;-0.011153620182793755;0.011459907675838809;-0.14027349297554842;0.028620939305430467
727;728.0;-0.010030366626882236;0.011708999582063931;-0.13922302769916267;0.02809887729890708
728;729.0;-0.007875276831884603;0.009421899752237981;-0.13808367843714456;0.027779412107021784
729;730.0;-0.007585473616735672;0.009521035156380721;-0.13547934298971842;0.026813109696202663
730;731.0;-0.00729567040158674;0.009610413838635246;-0.13229818664412218;0.02467612657901059
731;732.0;-0.0066614088200032786;0.008351699215678184;-0.1310025967722396;0.02451433951474488
732;733.0;-0.0059348763471897435;0.00864607320654241;-0.13036643456609018;0.02464535751659319
733;734.0;-0.005538131893007603;0.007853135578485507;-0.12919234012489417;0.02498362616801774
734;735.0;-0.005495511300153866;0.007872472082904307;-0.12686545666904167;0.024468110664159885
735;736.0;-0.004830455443813553;0.006543180319712023;-0.12555328156662163;0.02456213122403617
736;737.0;-0.004830455443813553;0.006543180319712023;-0.12327234076129741;0.02455075173918313
737;738.0;-0.004791150434458791;0.006464629316895277;-0.12201147655652278;0.024967678679979795
738;739.0;-0.004525179070807517;0.005933127022011417;-0.120748889548881;0.025993963989500702
739;740.0;-0.004525179070807517;0.005933127022011417;-0.11985034184794878;0.02586839645287594
740;741.0;-0.0042772925783072235;0.005437842069326957;-0.11886158039353896;0.025137266289686842
741;742.0;-0.004074046997327075;0.005031822767585934;-0.11812675789413463;0.02489972828014909
742;743.0;-0.0037091655800723265;0.0047052183714544156;-0.11747684927229467;0.025174599190332683
743;744.0;-0.003488930696234349;0.004265515905007663;-0.11679041098642254;0.025119341949848408
744;745.0;-0.003488930696234349;0.004265515905007663;-0.11615756301154476;0.02504784315610938
745;746.0;-0.0033813011233137626;0.004050692392079853;-0.11504609170116047;0.02515869343461964
746;747.0;-0.0031475275447224284;0.003584271512825384;-0.11345907719683948;0.025337092141160818
747;748.0;-0.0024191234896947743;0.002166866730235707;-0.1122052079584955;0.02640980814131231
748;749.0;-0.0023839303792323905;0.002187470576201341;-0.1111071802933425;0.026527295426395463
749;750.0;-0.0017932607511985887;0.001029139765225978;-0.11034919224484777;0.026937258436838248
750;751.0;-0.0017932607511985887;0.001029139765225978;-0.10996211252329827;0.0271401487667924
751;752.0;-0.00145130481121869;0.0004216208434876985;-0.10905935825694786;0.02759262922014879
752;753.0;-0.00145130481121869;0.0004216208434876985;-0.10802726373229798;0.027549562611437775
753;754.0;-0.0014086842183649527;0.0003653442643082457;-0.1061054262318829;0.02893153743415252
754;755.0;-0.0014086842183649527;0.0003653442643082457;-0.10476951967871925;0.02917008471442118
755;756.0;-0.0014086842183649527;0.0003653442643082457;-0.10330943319274585;0.029328845817606457
756;757.0;-0.0014086842183649527;0.0003653442643082457;-0.10203733945648215;0.0290803554114175
757;758.0;-0.0012960007368495673;0.0002939151792820891;-0.10145258983891722;0.029177062781827617
758;759.0;-0.0012960007368495673;0.0002939151792820891;-0.10050041244504611;0.028668076519208295
759;760.0;-0.0012750702695841997;0.00031273786004005767;-0.09944885451259573;0.029351040032450072
760;761.0;-0.0012750702695841997;0.00031273786004005767;-0.0976246862003564;0.029553462995373918
761;762.0;-0.0012750702695841997;0.00031273786004005767;-0.09666602782253238;0.02964901128400201
762;763.0;-0.0012750702695841997;0.00031273786004005767;-0.0955841740956976;0.03007830659311483
763;764.0;-0.0012705544351055975;0.0003170046985719992;-0.09487070234419484;0.030033128407228618
764;765.0;-0.0012660386006269953;0.0003211513711771089;-0.09366496234724257;0.029678624904919827
765;766.0;-0.0012660386006269953;0.0003211513711771089;-0.09329783736799152;0.029712546765200378
766;767.0;-0.0012660386006269953;0.0003211513711771089;-0.09087093831101974;0.027539915110498858
767;768.0;-0.0012660386006269953;0.0003211513711771089;-0.0894912655750304;0.02722160688595666
768;769.0;-0.00115335511911161;0.0001545972014597118;-0.0881854607299238;0.02716395365528356
769;770.0;-0.00115335511911161;0.0001545972014597118;-0.08584876723292031;0.02775101498181562
770;771.0;-0.00115335511911161;0.0001545972014597118;-0.08574400625880528;0.027761447077090145
771;772.0;-0.00115335511911161;0.0001545972014597118;-0.0846796989764819;0.027364261209920214
772;773.0;-0.00115335511911161;0.0001545972014597118;-0.08161504473543191;0.026015660849531268
773;774.0;-0.00115335511911161;0.0001545972014597118;-0.0805260396120367;0.02578728795182663
774;775.0;-0.0011052221440164712;0.00014496882832518957;-0.07947259391314143;0.02613391393591402
775;776.0;-0.0011052221440164712;0.00014496882832518957;-0.07864854023263977;0.02575801825165875
776;777.0;-0.0010966693314431008;0.00015402608370732897;-0.07693430372078532;0.026170302068629355
777;778.0;-0.0010522458203044316;0.0002172634540011217;-0.07529498187565212;0.026209190486859244
778;779.0;-0.0010522458203044316;0.0002172634540011217;-0.07307123675650198;0.02642281174003938
779;780.0;-0.0010436930077310613;0.00022137138158683886;-0.07221264808045891;0.025948406694424157
780;781.0;-0.000999269496592392;0.00026034184057682926;-0.07078341087076709;0.02578036713247485
781;782.0;-0.0009888042629597083;0.0002595883082962504;-0.06908045690380259;0.02602005153762317
782;783.0;-0.0009888042629597083;0.0002595883082962504;-0.0680186145480181;0.026289685402323626
783;784.0;-0.0009888042629597083;0.0002595883082962504;-0.06672755836897178;0.026333909421601073
784;785.0;-0.0009888042629597083;0.0002595883082962504;-0.06548494853986053;0.02742427728689607
785;786.0;-0.000971348563848351;0.00024599847828049706;-0.06373314206881972;0.027199476066335965
786;787.0;-0.000971348563848351;0.00024599847828049706;-0.062415102513316015;0.027032302169611874
787;788.0;-0.0009361554533859673;0.0002198361678173035;-0.06116178559022804;0.026769833559060974
788;789.0;-0.0008880224782908286;0.00015663548437474696;-0.06006375209526889;0.027045207653660096
789;790.0;-0.0008880224782908286;0.00015663548437474696;-0.059011663923655554;0.02680204715017245
790;791.0;-0.000748196204104401;0.0003944161537191043;-0.05764790698501956;0.026598253250053286
791;792.0;-0.000748196204104401;0.0003944161537191043;-0.05606029111254045;0.02672960094619331
792;793.0;-0.000748196204104401;0.0003944161537191043;-0.05559389777401541;0.02615028364233902
793;794.0;-0.000748196204104401;0.0003944161537191043;-0.05473509557262546;0.026338545086822422
794;795.0;-0.000748196204104401;0.0003944161537191043;-0.05361140446194612;0.02688951117493
795;796.0;-0.0007377309704717172;0.00038719147309066885;-0.053068992142857964;0.02682586538992472
796;797.0;-0.0007272657368390334;0.0003795409452532082;-0.05146394539297393;0.027056970392113765
797;798.0;-0.0007227499023604311;0.00037655112500824874;-0.050738840981326486;0.027174866159094674
798;799.0;-0.0007227499023604311;0.00037655112500824874;-0.0497154412228557;0.026633638920309982
799;800.0;-0.0005784077936954013;0.0004722679859342447;-0.048307552109956686;0.027058408729174012
800;801.0;-0.0005293686032107781;0.00044140331450369066;-0.04781594817286127;0.026954324522023912
801;802.0;-0.0005254314699833617;0.0004397807666092204;-0.045960954975883525;0.02749420447352888
802;803.0;-0.0005254314699833617;0.0004397807666092204;-0.04382018370512079;0.027728860038928434
803;804.0;-0.0005254314699833617;0.0004397807666092204;-0.04180338656301263;0.02830725398136703
804;805.0;-0.0005254314699833617;0.0004397807666092204;-0.039052024745766176;0.028690061102339286
805;806.0;-0.0004763922794987385;0.00040001390742881694;-0.03546269289269119;0.02921948044787036
806;807.0;-0.00047245514627132225;0.0003976986460529048;-0.034042085703585856;0.028896164321747235
807;808.0;-0.00047245514627132225;0.0003976986460529048;-0.032098032649346096;0.029205085299566943
808;809.0;-0.00047245514627132225;0.0003976986460529048;-0.030721147061794907;0.029010596864587776
809;810.0;-0.00047245514627132225;0.0003976986460529048;-0.02820001883259099;0.030069002941096188
810;811.0;-0.00047245514627132225;0.0003976986460529048;-0.026391204422144005;0.030195255219274453
811;812.0;-0.00047245514627132225;0.0003976986460529048;-0.024173455296571777;0.03079576272477119
812;813.0;-0.00047245514627132225;0.0003976986460529048;-0.022694293830368757;0.03072073387756236
813;814.0;-0.00046390233369795195;0.0003873608282724204;-0.02129843652691526;0.03143615196443018
814;815.0;-0.000423415955786699;0.00034579240082744826;-0.02003565045387848;0.03118194622975782
815;816.0;-0.000423415955786699;0.00034579240082744826;-0.016536107872216283;0.03314435975872936
816;817.0;-0.0004194788225592827;0.00034250302439124263;-0.01552752422694878;0.03240207309359182
817;818.0;-0.0004194788225592827;0.00034250302439124263;-0.01436093006553632;0.032546762926604696
818;819.0;-0.0002796525483728551;0.00034250302439124263;-0.012197645261927691;0.033649995304626125
819;820.0;-0.0002796525483728551;0.00034250302439124263;-0.010760701920634025;0.034247251793313366
820;821.0;-0.0002796525483728551;0.00034250302439124263;-0.009241963739828229;0.03487544436505507
821;822.0;-0.0002796525483728551;0.00034250302439124263;-0.00714400459610669;0.035706766152336665
822;823.0;-0.00013982627418642756;0.0002796525483728551;-0.005103756699219197;0.03525775008449808
823;824.0;-0.00013982627418642756;0.0002796525483728551;-0.0024293996751662108;0.03593995906556453
824;825.0;-0.00012385109320198762;0.00028929893451997145;-0.0006493526798307114;0.03722627245714244
825;826.0;-0.00012385109320198762;0.00028929893451997145;0.000784790817192188;0.03798921481424077
826;827.0;-0.00012385109320198762;0.00028929893451997145;0.00305926660912767;0.037177452135057396
827;828.0;-0.00010787591221754767;0.0002977780824748157;0.004933524765741543;0.03642270100702092
828;829.0;-0.00010787591221754767;0.0002977780824748157;0.006853898785031004;0.03597395114873845
829;830.0;-0.00010787591221754767;0.0002977780824748157;0.008788856483529322;0.036249487767755856
830;831.0;-0.00010787591221754767;0.0002977780824748157;0.010644970866591085;0.03727010263551176
831;832.0;-0.00010787591221754767;0.0002977780824748157;0.011745820342334307;0.0374814547770445
832;833.0;0.0002540109744439079;0.00046910516063978315;0.013239787352199417;0.03771813024399598
833;834.0;0.0002540109744439079;0.00046910516063978315;0.016086821603683084;0.038839397211317093
834;835.0;0.0002540109744439079;0.00046910516063978315;0.018274132381666735;0.039874379211794535
835;836.0;0.0002540109744439079;0.00046910516063978315;0.020513818011696043;0.039078820096462116
836;837.0;0.0002540109744439079;0.00046910516063978315;0.0253230490528605;0.03951903314319775
837;838.0;0.0002540109744439079;0.00046910516063978315;0.02794656753990752;0.03714037612937855
838;839.0;0.0004760715869189358;0.0005830662344942218;0.0324402378354501;0.038286552832677685
839;840.0;0.0004760715869189358;0.0005830662344942218;0.03450832029067716;0.037450730294185365
840;841.0;0.0004760715869189358;0.0005830662344942218;0.03630893274434338;0.03591694413714005
841;842.0;0.0008170201871915639;0.0011366168437461535;0.03798503864632018;0.03602520316231063
842;843.0;0.0008170201871915639;0.0011366168437461535;0.04026575304048598;0.0365548909485718
843;844.0;0.0008170201871915639;0.0011366168437461535;0.042911093662162766;0.036665712591965945
844;845.0;0.0008329953681760038;0.0011255285800017508;0.045502039555739685;0.039425326818065244
845;846.0;0.0008329953681760038;0.0011255285800017508;0.047046783488098654;0.0390278639979271
846;847.0;0.0008329953681760038;0.0011255285800017508;0.04934999807865559;0.039759945717140074
847;848.0;0.0008681643520728422;0.001138808843751017;0.05082322867577964;0.04015252128239644
848;849.0;0.0008681643520728422;0.001138808843751017;0.051812425261937856;0.04038283658350189
849;850.0;0.0009009511952805971;0.0011975339073888522;0.05351140865720594;0.03895841006234561
850;851.0;0.0011230118077556251;0.0011254661958792701;0.05550666631549235;0.037454468162446165
851;852.0;0.0014287914241314149;0.001337645369232483;0.06024666942737626;0.03760201645242999
852;853.0;0.0014287914241314149;0.001337645369232483;0.062326984039525454;0.03627370490504165
853;854.0;0.0014639604080282532;0.0013332138043984111;0.06413658340048427;0.03696628578920708
854;855.0;0.0014639604080282532;0.0013332138043984111;0.06525280138710766;0.03723744042434604
855;856.0;0.0017474495650888766;0.0014294738798645082;0.06795129860900517;0.036581656241579816
856;857.0;0.0017802364082966315;0.0014570310487862863;0.0703111861833251;0.03651706386876105
857;858.0;0.0017802364082966315;0.0014570310487862863;0.0723866052766325;0.03653449413003376
858;859.0;0.0018025268676117978;0.0014729738612525905;0.07410433778207164;0.03705422290026227
859;860.0;0.0018185020485962378;0.001453644191569753;0.07533321180764815;0.036730371892209505
860;861.0;0.0018790746021277505;0.0015093112360490988;0.07660066274733364;0.03647255679539804
861;862.0;0.0018790746021277505;0.0015093112360490988;0.0790995335065505;0.038610611033038804
862;863.0;0.0019527684790678235;0.00157297344345093;0.08074358142336377;0.03799342756896894
863;864.0;0.0019687436600522635;0.001553343046362967;0.08261757426019974;0.0377646755543276
864;865.0;0.0019687436600522635;0.001553343046362967;0.0848172257556851;0.03752249051372025
865;866.0;0.002292283859791122;0.0014101785514695731;0.0854215695216737;0.037250283826271074
866;867.0;0.002476218428151933;0.0016101507969702201;0.08699131351720572;0.03785608800878268
867;868.0;0.002569212932479181;0.001732328259416203;0.08819896295676513;0.03799571682188569
868;869.0;0.0027883164847368304;0.0018433884508606963;0.08965268993089685;0.03884348474788114
869;870.0;0.0031870906054398684;0.0017876595479847206;0.09097720487346975;0.03922405903290122
870;871.0;0.0031870906054398684;0.0017876595479847206;0.0926100284389827;0.03927537373480615
871;872.0;0.0031870906054398684;0.0017876595479847206;0.09464725565045769;0.03911096187931866
872;873.0;0.0031870906054398684;0.0017876595479847206;0.09763189477477766;0.04024197058562144
873;874.0;0.0034091512179148962;0.0014187989015273957;0.10069731697867472;0.04204668675531724
874;875.0;0.0034091512179148962;0.0014187989015273957;0.10298630068718755;0.040785986999392315
875;876.0;0.0035106308051787273;0.001408221274771017;0.10576728825280182;0.04020856791556612
876;877.0;0.0038617778519396185;0.001585991197544802;0.10829941842329212;0.04002809837943411
877;878.0;0.004314480125569809;0.002158056442163127;0.1102912343562547;0.04058793884417699
878;879.0;0.005428210646001385;0.0027618657938110382;0.11180177214569813;0.04033667359981207
879;880.0;0.005463379629898224;0.0027082753842642285;0.11352795299566339;0.04168225059763149
880;881.0;0.005463379629898224;0.0027082753842642285;0.11468029617556771;0.04194115554080935
881;882.0;0.005490482811716002;0.0027299681966133017;0.11759771395565136;0.042563731815869456
882;883.0;0.00551758599353378;0.0027512229984316644;0.12077909250714458;0.04019426465449886
883;884.0;0.005827260282542368;0.0023279065012242034;0.12426058148751576;0.04213203628840815
884;885.0;0.005827260282542368;0.0023279065012242034;0.13025850790737284;0.045232982891854526
885;886.0;0.006124132284441264;0.0026260401934603815;0.13215820822542057;0.04479325170007584
886;887.0;0.006124132284441264;0.0026260401934603815;0.13379761257868414;0.04420326201511619
887;888.0;0.006156919127649018;0.002586239699139045;0.13717761827596076;0.04553407582341566
888;889.0;0.0064537911295479145;0.002823090724374505;0.1393761039346457;0.04571704889536587
889;890.0;0.006746768458814012;0.003011167762576094;0.14054474844939918;0.04593258330455709
890;891.0;0.0068073410123455245;0.002938542989996259;0.14223684485794394;0.04615422338556436
891;892.0;0.007196486623964549;0.0027023082843676814;0.1463961109172734;0.046232647465023986
892;893.0;0.008046336475373672;0.0034303204633146477;0.15115322730767747;0.04624881571031514
893;894.0;0.008326332201700159;0.003578357392255837;0.15164938139938086;0.046523304946788496
894;895.0;0.008326332201700159;0.003578357392255837;0.15555858360768787;0.04690631554691391
895;896.0;0.008603261274388218;0.003236509300820802;0.15901242454752929;0.044892261948755056
896;897.0;0.009422383608981445;0.0030047552987099;0.16053797420259158;0.045360396246924936
897;898.0;0.00976049671197352;0.0034652977574549495;0.16262776869788273;0.04538809837373292
898;899.0;0.00976049671197352;0.0034652977574549495;0.1658866894731421;0.04476843483216306
899;900.0;0.010070732805364014;0.0034711435750158534;0.167512937234164;0.044168178035348164
900;901.0;0.010624756234884814;0.002757460848345837;0.17098139974390722;0.04402539146380099
901;902.0;0.011042927040466343;0.002900566871444797;0.17274684090735304;0.044309097180790694
902;903.0;0.011103959543774255;0.002940825123102967;0.1743794092051045;0.04443548289860187
903;904.0;0.011883367986781579;0.0037681911787455524;0.17894474609439281;0.04501068276533971
904;905.0;0.011891042995770817;0.0037742460072801754;0.18230982437494475;0.04488814564754566
905;906.0;0.012640695227230703;0.004514991638425431;0.1859473196820648;0.04478376180067266
906;907.0;0.01320938799602187;0.004541652049135419;0.1883174883688409;0.044018637292636026
907;908.0;0.013487835923947955;0.004676959532811677;0.19277216812480386;0.04601729645761688
908;909.0;0.013623207181458884;0.004827287403988343;0.1963222119800717;0.048180608057884745
909;910.0;0.013684239684766796;0.0048190150442983795;0.19842706070697605;0.04664718734389992
910;911.0;0.013983363644769643;0.005182983577390496;0.20127635747078507;0.047546631617108016
911;912.0;0.014624495380397362;0.00547396594172903;0.20694517771937576;0.045032497734523384
912;913.0;0.016183808462650884;0.0068756669114417865;0.2120844566147179;0.045927171706424984
913;914.0;0.016183808462650884;0.0068756669114417865;0.21715318655855076;0.04662891289800507
914;915.0;0.017814536155678518;0.007225402683510358;0.21982475719596564;0.04735392866864862
915;916.0;0.018744321735959836;0.006414340487731972;0.22656969970477464;0.047780282654893876
916;917.0;0.019533188124541235;0.006804944352181852;0.22856859489225884;0.04879170232010573
917;918.0;0.019533188124541235;0.006804944352181852;0.23208770074944388;0.0501011976613128
918;919.0;0.019533188124541235;0.006804944352181852;0.23689583034106776;0.05234325758784845
919;920.0;0.019846158065231802;0.006471813242750569;0.2420536103435104;0.05008477178943723
920;921.0;0.02089689943266688;0.005620751773327991;0.2430350814911674;0.050147686382565
921;922.0;0.020975527730163136;0.005583719643879088;0.24758933768408342;0.05220279229717828
922;923.0;0.02144901209066614;0.00506508593153569;0.2523637150840946;0.052050775001188494
923;924.0;0.022185536718051437;0.004401707192072997;0.25952883434636886;0.04767821990442176
924;925.0;0.022717555735319972;0.004214974760599699;0.2633271107762716;0.04836197283243935
925;926.0;0.023383794907669776;0.004139562248265531;0.2685507673035511;0.04914172321009455
926;927.0;0.02345764581940828;0.004040172131020461;0.27539937143792387;0.05026795663094175
927;928.0;0.024307149147159212;0.003985505116652532;0.2795306818487764;0.0505585545318036
928;929.0;0.02470379690691682;0.0036912931364578906;0.28546574578589334;0.05057191529615791
929;930.0;0.025015782899100468;0.0035826754597029437;0.28781383435861774;0.050687794447430386
930;931.0;0.025015782899100468;0.0035826754597029437;0.29128721422188486;0.05043588666787615
931;932.0;0.025396003091953823;0.0034575686809097156;0.2952798052996921;0.05064549323671998
932;933.0;0.02658056562287383;0.00467733786130096;0.3022944190172215;0.04979228627169349
933;934.0;0.02658056562287383;0.00467733786130096;0.3071872122720502;0.048924078386833186
934;935.0;0.028283188252698245;0.0028709215743801053;0.3124531903293502;0.05026134057691615
935;936.0;0.02893531589692746;0.003174868718570416;0.31595143337060266;0.051592690099188696
936;937.0;0.02893531589692746;0.003174868718570416;0.3186733316506034;0.052805258635990636
937;938.0;0.02893531589692746;0.003174868718570416;0.3275192391387982;0.051659385927676035
938;939.0;0.02951149987330324;0.003938673956067387;0.32971268323616876;0.05207938265963315
939;940.0;0.03079838169341833;0.004788146979654332;0.3326458071210393;0.04975518239394329
940;941.0;0.03079838169341833;0.004788146979654332;0.3353828015109036;0.0484260215084788
941;942.0;0.031036061835858563;0.004692293182826394;0.34238964751672435;0.05351497510096865
942;943.0;0.03156537963200075;0.005012833008126505;0.3451146132516286;0.05240930686843061
943;944.0;0.03196003227140798;0.00512070920719735;0.3495389601911393;0.05238970816209891
944;945.0;0.03231342845598069;0.005518900213526219;0.3561176649519583;0.0518914463432927
945;946.0;0.032319324156567505;0.005526066569003526;0.36186985549005185;0.05180554995688021
946;947.0;0.03249593889124023;0.005358451539334837;0.37386466523868306;0.048080801852150086
947;948.0;0.033596834411978874;0.004849692038801507;0.38299215198486153;0.039690267017357325
948;949.0;0.03376871853697949;0.004863417289419796;0.38750040354019155;0.043923971640974856
949;950.0;0.034554060074021106;0.0051954817921926865;0.3933063303894249;0.04263544529608802
950;951.0;0.0363280506210308;0.004695663831792402;0.3973763459677543;0.040861692204127865
951;952.0;0.036870606373737715;0.004769509361023976;0.4047876242242291;0.04008608016192523
952;953.0;0.03809745331054108;0.005280889068736719;0.4151414645279554;0.03341541737976628
953;954.0;0.038397980004238;0.005067823932117502;0.4193195258159449;0.03435954824344821
954;955.0;0.038397980004238;0.005067823932117502;0.4262492915348789;0.03303325259277273
955;956.0;0.03965633330415645;0.0036761672476069967;0.4286389516604894;0.03332346906780707
956;957.0;0.03977798503844245;0.0035734242061597273;0.4421000621133436;0.04841813967699767
957;958.0;0.04148497545101328;0.003603073819812464;0.446832225542556;0.05093725077946431
958;959.0;0.04248018647047327;0.004600623209074758;0.45400822831822757;0.057813712084798616
959;960.0;0.04408246734295425;0.006049817381108342;0.45836994343011356;0.05668159949421414
960;961.0;0.0448590928752697;0.0055233925980100506;0.46471183098040614;0.05594894731310124
961;962.0;0.04573106567215759;0.005486615830303083;0.4707529477310383;0.05346838013839435
962;963.0;0.04628179903363065;0.0050756334854588836;0.4815742139109201;0.05267941099779008
963;964.0;0.04726073860706017;0.006550574182185343;0.4855753249793312;0.05643381401759552
964;965.0;0.04834923754295295;0.006574908798137986;0.4904075355297449;0.05557272414844536
965;966.0;0.04927711708332196;0.007025779916140965;0.49369332529088455;0.05661903564815678
966;967.0;0.04988869588429177;0.006270004372257437;0.49957918304779236;0.058227854999090105
967;968.0;0.05235126491773616;0.007724230952310697;0.5080178841061814;0.05428114893434551
968;969.0;0.05478934681730063;0.0058455096594876126;0.5151966383839078;0.05394615024084948
969;970.0;0.05516208748748937;0.00558070550780069;0.521853348875431;0.05095630131891364
970;971.0;0.05607340056549226;0.005734885755504397;0.5253988145715922;0.05427270940453514
971;972.0;0.05746607382553452;0.005397513227828993;0.5311094681186015;0.05449477479802295
972;973.0;0.05797708227992826;0.004441772050924768;0.5365137615124098;0.05146497700544806
973;974.0;0.05797708227992826;0.004441772050924768;0.5444976765534391;0.05028395200798533
974;975.0;0.0586376047996577;0.00498915065884489;0.5477059281596036;0.04849563669935285
975;976.0;0.06156239030079787;0.005236506917859809;0.5568074703580576;0.048471614680220695
976;977.0;0.06387547989371667;0.0036672218788933292;0.5663424790612226;0.04708262353335138
977;978.0;0.06387547989371667;0.0036672218788933292;0.5720256377167562;0.044282962666274704
978;979.0;0.06406060294990783;0.0034270343009200235;0.5805788633297896;0.04293723245749044
979;980.0;0.06477057280599904;0.002784178911671775;0.5937071329812464;0.04582340390357752
980;981.0;0.06487409525060624;0.0029912238008861446;0.6098322045374303;0.05267094709616232
981;982.0;0.06507209791811974;0.003387229135913161;0.6181635700135087;0.059536562511495625
982;983.0;0.06551004508805017;0.0032797994907921195;0.6220166278740166;0.05948114434564515
983;984.0;0.06646418737395562;0.00380915311674026;0.6273040400964428;0.05996896499909571
984;985.0;0.06690213454388605;0.0035459960057008877;0.637641114471059;0.059790199904233086
985;986.0;0.0692483662856274;0.0029924608006891783;0.6521778232623926;0.05914165335746577
986;987.0;0.07014630039225064;0.004104384356289535;0.6675166440653277;0.05441729674983658
987;988.0;0.07023003841149962;0.00423210154747067;0.6732327099682759;0.05655190786427566
988;989.0;0.0705920455683603;0.004271548907116429;0.6790514831902577;0.058713385023422125
989;990.0;0.07170992034015364;0.005142362862790394;0.6944057168383966;0.0526705530523078
990;991.0;0.07170992034015364;0.005142362862790394;0.6988842550264246;0.054428650230286
991;992.0;0.07310200979598953;0.0033165248157295585;0.7101787636677368;0.06224146748590968
992;993.0;0.07513366417754634;0.0037489244189717053;0.7325746734764687;0.062385259338638706
993;994.0;0.07824114624397147;0.004748425077623744;0.7459154146772745;0.05829052402313523
994;995.0;0.0801682966190127;0.005809753559293563;0.7582893752615704;0.06660415029714707
995;996.0;0.08026065493065962;0.005968418052398005;0.7660358618191057;0.06319092675170435
996;997.0;0.0812795910049166;0.004863858534448497;0.7692349703887975;0.06305093374197504
997;998.0;0.08189194302857213;0.004810253072227196;0.7903496966799765;0.06785316140743404
998;999.0;0.08729908201572707;0.006467322687136008;0.7940800960482679;0.06702153467303909
999;1000.0;0.08995345903982792;0.00884965601575068;0.8116399241450949;0.06679895313031364
1000;1001.0;0.09189855288847135;0.009873404461192914;0.8253867962531907;0.06602880257105781
1001;1002.0;0.09404783922291224;0.009671366027930969;0.8509047080444269;0.055771583363747115
1002;1003.0;0.10032318333433321;0.009934799586055316;0.856102051803498;0.05435769616955974
1003;1004.0;0.10370262005810375;0.01193069751173436;0.8681899934517772;0.05020941489285792
1004;1005.0;0.10458130102841534;0.012649816481341825;0.8940369443231878;0.08198435045639325
1005;1006.0;0.1104061840707489;0.010874852227068786;0.9260407892874261;0.08955605322166349
1006;1007.0;0.11150307362259537;0.011547065905758838;0.9440422236177637;0.08928181114343424
1007;1008.0;0.11298498320583009;0.012247648454283982;0.969545141506573;0.0862466324794504
1008;1009.0;0.11844362919884485;0.010399755260262761;0.993503695153275;0.08482869981367416
1009;1010.0;0.12100541789939825;0.007415414846421302;1.0092540134925225;0.0805913303033962
1010;1011.0;0.12405614971907049;0.009023841563475521;1.0371280865318782;0.0687282314487787
1011;1012.0;0.12945541932913096;0.010194137931649775;1.0726526937419414;0.08890594237556394
1012;1013.0;0.13522959594688938;0.011542011525624474;1.1002184429330235;0.09239535609149335
1013;1014.0;0.1405724405671158;0.009626785812003958;1.1590799525159146;0.12457615633104237
1014;1015.0;0.14382664707668338;0.01095130013973031;1.1930678413722247;0.11852188889487633
1015;1016.0;0.146174014879385;0.01064688109111824;1.2429294501757355;0.12304912819447394
1016;1017.0;0.14789512017999357;0.011808113069883098;1.2892327163641524;0.15152174682388636
1017;1018.0;0.15064773453687214;0.014085954630693098;1.3494134505676865;0.16849390926795152
1018;1019.0;0.16012026393063558;0.020913606357506744;1.4187350882384373;0.17097960741371432
1019;1020.0;0.1706990527055928;0.015509904011417296;1.4744702410971107;0.17158187052381782
1020;1021.0;0.17531653670672126;0.015779007698131356;1.5839744864732364;0.12889546878454342
1021;1022.0;0.1895455672402533;0.021651610016033527;1.8021468316497624;0.2798548924334515
1022;1023.0;0.20804804359017054;0.04268823011724755;2.0049966544810545;0.36636896845560313
1023;1024.0;0.22284836179024686;0.043831199203436616;2.264502203260632;0.3446127716940722
